id,type,name,displayName,category,targetType,targetScope,damageType,damageFormula,minPosition,canUseInCombat,violent,classes,implementation,effectTypes
1,SPELL,armor,Armor,BUFF,SINGLE_CHARACTER,SAME_ROOM,NONE,,STANDING,true,false,,,APPLY_AFFECT
2,SPELL,teleport,Teleport,TELEPORT,SELF,SAME_ROOM,NONE,,STANDING,true,false,,,TELEPORT
3,SPELL,bless,Bless,BUFF,SINGLE_CHARACTER,SAME_ROOM,NONE,,SITTING,false,false,,,APPLY_AFFECT
4,SPELL,blindness,Blindness,BUFF,SINGLE_ENEMY,SAME_ROOM,NONE,,STANDING,true,true,,,APPLY_AFFECT
5,SPELL,burning hands,Burning Hands,DAMAGE,SINGLE_ENEMY,TOUCH,FIRE,"sorcerer_single_target(ch, spellnum, skill)",STANDING,true,true,,,DAMAGE
6,SPELL,call lightning,Call Lightning,DAMAGE,SINGLE_ENEMY,SAME_ROOM,SHOCK,"dam += (pow(skill, 2) * 7) / 400",STANDING,true,true,,,DAMAGE
7,SPELL,charm person,Charm Person,UTILITY,SINGLE_CHARACTER,SAME_ROOM,MENTAL,,STANDING,false,false,,,DAMAGE
8,SPELL,chill touch,Chill Touch,DAMAGE,SINGLE_ENEMY,TOUCH,COLD,"sorcerer_single_target(ch, spellnum, skill)",STANDING,true,true,,,DAMAGE
9,SPELL,clone,Clone,SUMMON,SELF,SAME_ROOM,NONE,,STANDING,false,false,,,SUMMON
10,SPELL,color spray,Color Spray,UTILITY,AREA_ROOM,SAME_ROOM,NONE,"dam += (pow(skill, 2) * 1) / 200",STANDING,true,true,,,APPLY_AFFECT
11,SPELL,control weather,Control Weather,UTILITY,NONE,SAME_ROOM,NONE,,STANDING,false,false,,,APPLY_AFFECT
12,SPELL,create food,Create Food,UTILITY,AREA_ROOM,SAME_ROOM,NONE,,SITTING,false,false,,,CREATE_OBJECT
13,SPELL,create water,Create Water,UTILITY,NONE,SAME_ROOM,NONE,,SITTING,false,false,,,MODIFY_OBJECT
14,SPELL,cure blind,Cure Blind,UTILITY,SINGLE_CHARACTER,SAME_ROOM,NONE,,STANDING,true,false,,,"REMOVE_AFFECT,REMOVE_AFFECT"
15,SPELL,cure critic,Cure Critic,UTILITY,SINGLE_CHARACTER,SAME_ROOM,NONE,,STANDING,true,false,,,HEAL
16,SPELL,cure light,Cure Light,UTILITY,SINGLE_CHARACTER,SAME_ROOM,NONE,,STANDING,true,false,,,HEAL
18,SPELL,detect alignment,Detect Alignment,BUFF,SINGLE_CHARACTER,SAME_ROOM,NONE,,SITTING,false,false,,,APPLY_AFFECT
19,SPELL,detect invisibility,Detect Invisibility,BUFF,SINGLE_CHARACTER,SAME_ROOM,NONE,,SITTING,false,false,,,APPLY_AFFECT
20,SPELL,detect magic,Detect Magic,BUFF,SINGLE_CHARACTER,SAME_ROOM,NONE,,SITTING,false,false,,,APPLY_AFFECT
21,SPELL,detect poison,Detect Poison,BUFF,SINGLE_CHARACTER,SAME_ROOM,NONE,,SITTING,false,false,,,APPLY_AFFECT
22,SPELL,dispel evil,Dispel Evil,DAMAGE,SINGLE_ENEMY,SAME_ROOM,ALIGN,,STANDING,true,true,,,"DAMAGE,REMOVE_AFFECT"
23,SPELL,earthquake,Earthquake,DAMAGE,AREA_ROOM,SAME_ROOM,ACID,,STANDING,true,true,,,"AREA_EFFECT,DAMAGE"
24,SPELL,enchant weapon,Enchant Weapon,UTILITY,NONE,SAME_ROOM,NONE,,STANDING,false,false,,,MODIFY_OBJECT
25,SPELL,energy drain,Energy Drain,UTILITY,SINGLE_ENEMY,SAME_ROOM,NONE,,STANDING,true,true,,,APPLY_AFFECT
26,SPELL,fireball,Fireball,DAMAGE,SINGLE_ENEMY,SAME_ROOM,FIRE,"sorcerer_single_target(ch, spellnum, skill)",STANDING,true,true,,,DAMAGE
27,SPELL,harm,Harm,DAMAGE,SINGLE_ENEMY,TOUCH,NONE,"dam += (pow(skill, 2) * 41) / 5000",STANDING,true,true,,,"DAMAGE,CONDITION,HEAL,DAMAGE"
28,SPELL,heal,Heal,UTILITY,SINGLE_CHARACTER,SAME_ROOM,NONE,,STANDING,true,false,,,HEAL
29,SPELL,invisibility,Invisibility,BUFF,SINGLE_CHARACTER,SAME_ROOM,NONE,,STANDING,false,false,,,APPLY_AFFECT
30,SPELL,lightning bolt,Lightning Bolt,DAMAGE,SINGLE_ENEMY,SAME_ROOM,SHOCK,"sorcerer_single_target(ch, spellnum, skill)",STANDING,true,true,,,DAMAGE
31,SPELL,locate object,Locate Object,UTILITY,NONE,SAME_ROOM,NONE,,SITTING,false,false,,,MESSAGE
32,SPELL,magic missile,Magic Missile,UTILITY,SINGLE_ENEMY,SAME_ROOM,PHYSICAL_BLUNT,"roll_dice(4, 21)",STANDING,true,true,,,"MULTI_HIT,DAMAGE"
33,SPELL,poison,Poison,BUFF,SINGLE_ENEMY,SAME_ROOM,NONE,,STANDING,true,true,,,APPLY_AFFECT
34,SPELL,protection from evil,Protection From Evil,BUFF,SINGLE_CHARACTER,SAME_ROOM,NONE,,STANDING,false,false,,,APPLY_AFFECT
35,SPELL,remove curse,Remove Curse,UTILITY,SINGLE_CHARACTER,SAME_ROOM,NONE,,STANDING,false,false,,,REMOVE_AFFECT
36,SPELL,sanctuary,Sanctuary,BUFF,SINGLE_CHARACTER,SAME_ROOM,NONE,,STANDING,false,false,,,APPLY_AFFECT
37,SPELL,shocking grasp,Shocking Grasp,DAMAGE,SINGLE_ENEMY,TOUCH,SHOCK,"sorcerer_single_target(ch, spellnum, skill)",STANDING,true,true,,,DAMAGE
38,SPELL,sleep,Sleep,BUFF,SINGLE_CHARACTER,SAME_ROOM,MENTAL,,STANDING,false,false,,,"DAMAGE,APPLY_AFFECT"
39,SPELL,enhance ability,Enhance Ability,BUFF,SINGLE_CHARACTER,SAME_ROOM,NONE,,STANDING,false,false,,,APPLY_AFFECT
40,SPELL,summon,Summon,UTILITY,SINGLE_CHARACTER,ANYWHERE,NONE,,STANDING,false,false,,,TELEPORT
41,SPELL,ventriloquate,Ventriloquate,UTILITY,SINGLE_CHARACTER,SAME_ROOM,NONE,,SITTING,false,false,,,MESSAGE
42,SPELL,word of recall,Word Of Recall,UTILITY,SELF,SAME_ROOM,NONE,,STANDING,true,false,,,TELEPORT
43,SPELL,remove poison,Remove Poison,UTILITY,SINGLE_CHARACTER,SAME_ROOM,NONE,,SITTING,true,false,,,REMOVE_AFFECT
44,SPELL,sense life,Sense Life,BUFF,SELF,SAME_ROOM,NONE,,SITTING,false,false,,,APPLY_AFFECT
45,SPELL,animate dead,Animate Dead,SUMMON,NONE,SAME_ROOM,NONE,,STANDING,false,false,,,SUMMON
46,SPELL,dispel good,Dispel Good,DAMAGE,SINGLE_ENEMY,SAME_ROOM,ALIGN,,STANDING,true,true,,,"DAMAGE,REMOVE_AFFECT"
47,SPELL,group armor,Group Armor,UTILITY,AREA_ROOM,SAME_ROOM,NONE,,STANDING,false,false,,,APPLY_AFFECT
48,SPELL,group heal,Group Heal,UTILITY,AREA_ROOM,SAME_ROOM,NONE,,STANDING,true,false,,,HEAL
49,SPELL,group recall,Group Recall,UTILITY,AREA_ROOM,SAME_ROOM,ALIGN,,STANDING,true,false,,,"AREA_EFFECT,DAMAGE,TELEPORT"
50,SPELL,infravision,Infravision,BUFF,SINGLE_CHARACTER,SAME_ROOM,NONE,,SITTING,false,false,,,APPLY_AFFECT
51,SPELL,waterwalk,Waterwalk,BUFF,SINGLE_CHARACTER,SAME_ROOM,NONE,,STANDING,false,false,,,APPLY_AFFECT
52,SPELL,stone skin,Stone Skin,BUFF,SINGLE_CHARACTER,SAME_ROOM,NONE,,STANDING,true,false,,,APPLY_AFFECT
53,SPELL,full heal,Full Heal,UTILITY,SINGLE_CHARACTER,SAME_ROOM,NONE,,STANDING,true,false,,,HEAL
54,SPELL,full harm,Full Harm,DAMAGE,SINGLE_ENEMY,TOUCH,NONE,"dam += (pow(skill, 2) * 1) / 50",STANDING,true,true,,,DAMAGE
55,SPELL,wall of fog,Wall Of Fog,UTILITY,SELF,SAME_ROOM,NONE,,STANDING,false,false,,,"DELAYED_EFFECT,AREA_EFFECT"
56,SPELL,wall of stone,Wall Of Stone,UTILITY,NONE,SAME_ROOM,NONE,,STANDING,false,false,,,AREA_EFFECT
57,SPELL,fly,Fly,BUFF,SINGLE_CHARACTER,SAME_ROOM,NONE,,STANDING,false,false,,,APPLY_AFFECT
59,SPELL,summon elemental,Summon Elemental,SUMMON,AREA_ROOM,SAME_ROOM,NONE,,STANDING,false,false,,,SUMMON
60,SPELL,summon demon,Summon Demon,SUMMON,AREA_ROOM,SAME_ROOM,NONE,,STANDING,false,false,,,SUMMON
61,SPELL,summon greater demon,Summon Greater Demon,SUMMON,AREA_ROOM,SAME_ROOM,NONE,,STANDING,false,false,,,SUMMON
62,SPELL,dimension door,Dimension Door,UTILITY,SINGLE_CHARACTER,ANYWHERE,NONE,,STANDING,false,false,,,TELEPORT
63,SPELL,creeping doom,Creeping Doom,UTILITY,AREA_ROOM,SAME_ROOM,ACID,,STANDING,true,true,,,"AREA_EFFECT,DAMAGE"
64,SPELL,doom,Doom,DAMAGE,AREA_ROOM,SAME_ROOM,ACID,,STANDING,true,true,,,"AREA_EFFECT,DAMAGE"
65,SPELL,meteorswarm,Meteorswarm,DAMAGE,AREA_ROOM,SAME_ROOM,FIRE,,STANDING,true,true,,,"AREA_EFFECT,DAMAGE"
66,SPELL,bigbys clenched fist,Bigbys Clenched Fist,DAMAGE,SINGLE_ENEMY,SAME_ROOM,PHYSICAL_BLUNT,"sorcerer_single_target(ch, spellnum, skill)",STANDING,true,true,,,DAMAGE
67,SPELL,farsee,Farsee,BUFF,SINGLE_CHARACTER,SAME_ROOM,NONE,,SITTING,false,false,,,"APPLY_AFFECT,MESSAGE"
68,SPELL,haste,Haste,BUFF,SINGLE_CHARACTER,SAME_ROOM,NONE,,STANDING,true,false,,,APPLY_AFFECT
70,SPELL,greater endurance,Greater Endurance,BUFF,SINGLE_CHARACTER,SAME_ROOM,NONE,,STANDING,false,false,,,APPLY_AFFECT
71,SPELL,moonwell,Moonwell,UTILITY,SINGLE_CHARACTER,ANYWHERE,NONE,,STANDING,false,false,,,APPLY_AFFECT
73,SPELL,darkness,Darkness,UTILITY,SINGLE_CHARACTER,SAME_ROOM,NONE,,SITTING,false,false,,,AREA_EFFECT
74,SPELL,illumination,Illumination,UTILITY,SINGLE_CHARACTER,SAME_ROOM,NONE,,SITTING,false,false,,,AREA_EFFECT
76,SPELL,cone of cold,Cone Of Cold,DAMAGE,SINGLE_ENEMY,SAME_ROOM,COLD,"sorcerer_single_target(ch, spellnum, skill)",STANDING,true,true,,,DAMAGE
77,SPELL,ice storm,Ice Storm,DAMAGE,AREA_ROOM,SAME_ROOM,COLD,,STANDING,true,true,,,"AREA_EFFECT,DAMAGE"
78,SPELL,ice shards,Ice Shards,DAMAGE,AREA_ROOM,SAME_ROOM,COLD,,STANDING,true,true,,,"AREA_EFFECT,DAMAGE"
79,SPELL,major paralysis,Major Paralysis,UTILITY,SINGLE_CHARACTER,SAME_ROOM,MENTAL,,STANDING,false,true,,,DAMAGE
80,SPELL,vampiric breath,Vampiric Breath,DAMAGE,SINGLE_ENEMY,SAME_ROOM,NONE,,STANDING,true,true,,,DAMAGE
82,SPELL,incendiary nebula,Incendiary Nebula,DAMAGE,AREA_ROOM,SAME_ROOM,FIRE,,STANDING,true,true,,,"AREA_EFFECT,DAMAGE"
83,SPELL,minor paralysis,Minor Paralysis,BUFF,SINGLE_ENEMY,SAME_ROOM,MENTAL,,STANDING,true,false,,,"DAMAGE,APPLY_AFFECT"
84,SPELL,cause light,Cause Light,DAMAGE,SINGLE_ENEMY,TOUCH,NONE,"dam += (pow(skill, 2) * 2) / 625",STANDING,true,true,,,DAMAGE
85,SPELL,cause serious,Cause Serious,DAMAGE,SINGLE_ENEMY,TOUCH,NONE,"dam += (pow(skill, 2) * 9) / 2000",STANDING,true,true,,,DAMAGE
86,SPELL,cause critical,Cause Critical,DAMAGE,SINGLE_ENEMY,TOUCH,NONE,"dam += (pow(skill, 2) * 53) / 10000",STANDING,true,true,,,DAMAGE
87,SPELL,preserve,Preserve,UTILITY,NONE,SAME_ROOM,NONE,,SITTING,false,false,,,APPLY_AFFECT
88,SPELL,cure serious,Cure Serious,UTILITY,SINGLE_CHARACTER,SAME_ROOM,NONE,,STANDING,true,false,,,HEAL
89,SPELL,vigorize light,Vigorize Light,UTILITY,SINGLE_CHARACTER,SAME_ROOM,NONE,,STANDING,false,false,,,"HEAL,RESOURCE_CHANGE"
90,SPELL,vigorize serious,Vigorize Serious,UTILITY,SINGLE_CHARACTER,SAME_ROOM,NONE,,STANDING,false,false,,,"HEAL,RESOURCE_CHANGE"
91,SPELL,vigorize critic,Vigorize Critic,UTILITY,SINGLE_CHARACTER,SAME_ROOM,NONE,,STANDING,false,false,,,"HEAL,RESOURCE_CHANGE"
92,SPELL,soulshield,Soulshield,BUFF,SELF,SAME_ROOM,NONE,,STANDING,false,false,,,APPLY_AFFECT
93,SPELL,destroy undead,Destroy Undead,DAMAGE,SINGLE_ENEMY,SAME_ROOM,ALIGN,,STANDING,true,true,,,DAMAGE
94,SPELL,silence,Silence,BUFF,SINGLE_ENEMY,SAME_ROOM,NONE,,STANDING,true,true,,,APPLY_AFFECT
95,SPELL,flamestrike,Flamestrike,DAMAGE,SINGLE_ENEMY,SAME_ROOM,FIRE,,STANDING,true,true,,,DAMAGE
96,SPELL,unholy word,Unholy Word,DAMAGE,AREA_ROOM,SAME_ROOM,ALIGN,,STANDING,true,true,,,"AREA_EFFECT,DAMAGE"
97,SPELL,holy word,Holy Word,DAMAGE,AREA_ROOM,SAME_ROOM,ALIGN,,STANDING,true,true,,,"AREA_EFFECT,DAMAGE"
98,SPELL,plane shift,Plane Shift,UTILITY,SELF,SAME_ROOM,NONE,,STANDING,false,false,,,TELEPORT
99,SPELL,dispel magic,Dispel Magic,UTILITY,SINGLE_ENEMY,SAME_ROOM,NONE,,SITTING,true,true,,,DISPEL
100,SPELL,minor creation,Minor Creation,UTILITY,NONE,SAME_ROOM,NONE,,SITTING,false,false,,,CREATE_OBJECT
101,SPELL,concealment,Concealment,UTILITY,SINGLE_CHARACTER,SAME_ROOM,NONE,,SITTING,false,false,,,APPLY_AFFECT
102,SPELL,ray of enfeeblement,Ray Of Enfeeblement,BUFF,SINGLE_ENEMY,SAME_ROOM,NONE,,STANDING,true,true,,,APPLY_AFFECT
103,SPELL,feather fall,Feather Fall,BUFF,SINGLE_CHARACTER,SAME_ROOM,NONE,,STANDING,false,false,,,APPLY_AFFECT
104,SPELL,wizard eye,Wizard Eye,UTILITY,SINGLE_CHARACTER,ANYWHERE,NONE,,STANDING,false,false,,,MESSAGE
105,SPELL,fireshield,Fireshield,BUFF,SELF,SAME_ROOM,FIRE,,STANDING,false,false,,,"DAMAGE,APPLY_AFFECT"
106,SPELL,coldshield,Coldshield,BUFF,SELF,SAME_ROOM,COLD,,STANDING,false,false,,,"DAMAGE,APPLY_AFFECT"
107,SPELL,minor globe,Minor Globe,BUFF,SINGLE_CHARACTER,SAME_ROOM,NONE,,STANDING,false,false,,,APPLY_AFFECT
108,SPELL,major globe,Major Globe,BUFF,SINGLE_CHARACTER,SAME_ROOM,NONE,,STANDING,false,false,,,APPLY_AFFECT
109,SPELL,disintegrate,Disintegrate,DAMAGE,SINGLE_ENEMY,SAME_ROOM,ACID,"sorcerer_single_target(ch, spellnum, skill)",STANDING,true,true,,,DAMAGE
110,SPELL,harness,Harness,BUFF,SELF,SAME_ROOM,NONE,,STANDING,true,false,,,APPLY_AFFECT
111,SPELL,chain lightning,Chain Lightning,DAMAGE,AREA_ROOM,SAME_ROOM,SHOCK,"dam += (pow(skill, 2) * 7) / 500",STANDING,true,true,,,"AREA_EFFECT,DAMAGE"
112,SPELL,mass invisibility,Mass Invisibility,UTILITY,AREA_ROOM,SAME_ROOM,NONE,,STANDING,false,false,,,APPLY_AFFECT
114,SPELL,fear,Fear,UTILITY,SINGLE_ENEMY,SAME_ROOM,MENTAL,,STANDING,true,true,,,DAMAGE
115,SPELL,circle of light,Circle Of Light,BUFF,SELF,SAME_ROOM,NONE,,SITTING,false,false,,,APPLY_AFFECT
116,SPELL,divine bolt,Divine Bolt,DAMAGE,SINGLE_ENEMY,SAME_ROOM,ALIGN,,STANDING,true,true,,,DAMAGE
117,SPELL,prayer,Prayer,BUFF,SELF,SAME_ROOM,NONE,,SITTING,false,false,,,APPLY_AFFECT
118,SPELL,elemental warding,Elemental Warding,BUFF,SINGLE_CHARACTER,SAME_ROOM,NONE,,STANDING,false,false,,,APPLY_AFFECT
119,SPELL,divine ray,Divine Ray,DAMAGE,SINGLE_ENEMY,SAME_ROOM,ALIGN,,STANDING,true,true,,,DAMAGE
120,SPELL,lesser exorcism,Lesser Exorcism,DAMAGE,SINGLE_ENEMY,SAME_ROOM,ALIGN,,STANDING,true,true,,,DAMAGE
121,SPELL,decay,Decay,DAMAGE,SINGLE_ENEMY,SAME_ROOM,NONE,"sorcerer_single_target(ch, spellnum, skill)",STANDING,true,true,,,DAMAGE
122,SPELL,speak in tongues,Speak In Tongues,BUFF,SELF,SAME_ROOM,NONE,,SITTING,false,false,,,APPLY_AFFECT
123,SPELL,enlightenment,Enlightenment,UTILITY,SINGLE_CHARACTER,SAME_ROOM,NONE,,SITTING,false,false,,,APPLY_AFFECT
124,SPELL,exorcism,Exorcism,DAMAGE,SINGLE_ENEMY,SAME_ROOM,ALIGN,,STANDING,true,true,,,DAMAGE
125,SPELL,spinechiller,Spinechiller,BUFF,SINGLE_ENEMY,TOUCH,NONE,,STANDING,true,true,,,APPLY_AFFECT
126,SPELL,wings of heaven,Wings Of Heaven,BUFF,SELF,SAME_ROOM,NONE,,STANDING,false,false,,,APPLY_AFFECT
127,SPELL,banish,Banish,UTILITY,SINGLE_ENEMY,SAME_ROOM,NONE,,STANDING,true,false,,,APPLY_AFFECT
128,SPELL,word of command,Word Of Command,UTILITY,SINGLE_CHARACTER,SAME_ROOM,MENTAL,,STANDING,false,false,,,DAMAGE
129,SPELL,divine essence,Divine Essence,UTILITY,AREA_ROOM,SAME_ROOM,NONE,,STANDING,false,false,,,APPLY_AFFECT
130,SPELL,heavens gate,Heavens Gate,UTILITY,SINGLE_CHARACTER,ANYWHERE,NONE,,STANDING,false,false,,,APPLY_AFFECT
131,SPELL,dark presence,Dark Presence,BUFF,SINGLE_CHARACTER,SAME_ROOM,NONE,,STANDING,false,false,,,APPLY_AFFECT
132,SPELL,demonskin,Demonskin,BUFF,SINGLE_CHARACTER,SAME_ROOM,NONE,,STANDING,true,false,,,APPLY_AFFECT
133,SPELL,dark feast,Dark Feast,UTILITY,NONE,TOUCH,NONE,,STANDING,false,false,,,APPLY_AFFECT
134,SPELL,hell bolt,Hell Bolt,DAMAGE,SINGLE_ENEMY,SAME_ROOM,FIRE,,STANDING,true,true,,,DAMAGE
135,SPELL,disease,Disease,BUFF,SINGLE_ENEMY,SAME_ROOM,NONE,,STANDING,true,true,,,APPLY_AFFECT
136,SPELL,insanity,Insanity,BUFF,SINGLE_ENEMY,SAME_ROOM,MENTAL,,STANDING,true,true,,,"DAMAGE,APPLY_AFFECT"
137,SPELL,demonic aspect,Demonic Aspect,BUFF,SELF,SAME_ROOM,NONE,,STANDING,true,false,,,APPLY_AFFECT
138,SPELL,hellfire and brimstone,Hellfire And Brimstone,DAMAGE,AREA_ROOM,SAME_ROOM,FIRE,,STANDING,true,false,,,"AREA_EFFECT,DAMAGE"
139,SPELL,stygian eruption,Stygian Eruption,DAMAGE,SINGLE_ENEMY,SAME_ROOM,FIRE,,STANDING,true,true,,,DAMAGE
140,SPELL,demonic mutation,Demonic Mutation,BUFF,SELF,SAME_ROOM,NONE,,STANDING,false,false,,,APPLY_AFFECT
141,SPELL,wings of hell,Wings Of Hell,BUFF,SELF,SAME_ROOM,NONE,,STANDING,false,false,,,APPLY_AFFECT
142,SPELL,sane mind,Sane Mind,UTILITY,SINGLE_CHARACTER,SAME_ROOM,NONE,,SITTING,false,false,,,APPLY_AFFECT
143,SPELL,hell gate,Hell Gate,UTILITY,SINGLE_CHARACTER,ANYWHERE,NONE,,STANDING,false,false,,,APPLY_AFFECT
144,SPELL,barkskin,Barkskin,BUFF,SINGLE_CHARACTER,SAME_ROOM,NONE,,STANDING,true,false,,,APPLY_AFFECT
145,SPELL,night vision,Night Vision,BUFF,SELF,SAME_ROOM,NONE,,SITTING,true,false,,,APPLY_AFFECT
146,SPELL,writhing weeds,Writhing Weeds,DAMAGE,SINGLE_ENEMY,SAME_ROOM,ACID,,STANDING,true,true,,,DAMAGE
147,SPELL,create spring,Create Spring,UTILITY,AREA_ROOM,SAME_ROOM,NONE,,STANDING,false,false,,,CREATE_OBJECT
148,SPELL,nourishment,Nourishment,UTILITY,SELF,SAME_ROOM,NONE,,SITTING,false,false,,,RESOURCE_CHANGE
149,SPELL,cloak of gaia,Cloak Of Gaia,BUFF,SELF,SAME_ROOM,NONE,,STANDING,false,false,,,APPLY_AFFECT
150,SPELL,natures embrace,Natures Embrace,BUFF,SELF,SAME_ROOM,NONE,,STANDING,false,false,,,APPLY_AFFECT
151,SPELL,entangle,Entangle,BUFF,SINGLE_ENEMY,SAME_ROOM,MENTAL,,STANDING,true,false,,,"DAMAGE,APPLY_AFFECT"
152,SPELL,invigorate,Invigorate,UTILITY,AREA_ROOM,SAME_ROOM,NONE,,STANDING,false,false,,,APPLY_AFFECT
153,SPELL,wandering woods,Wandering Woods,UTILITY,AREA_ROOM,SAME_ROOM,NONE,,STANDING,false,false,,,APPLY_AFFECT
154,SPELL,urban renewal,Urban Renewal,UTILITY,AREA_ROOM,SAME_ROOM,NONE,,SITTING,false,false,,,APPLY_AFFECT
155,SPELL,sunray,Sunray,DAMAGE,SINGLE_ENEMY,SAME_ROOM,FIRE,,STANDING,true,true,,,DAMAGE
156,SPELL,armor of gaia,Armor Of Gaia,UTILITY,SELF,SAME_ROOM,NONE,,STANDING,false,false,,,APPLY_AFFECT
157,SPELL,fire darts,Fire Darts,UTILITY,SINGLE_ENEMY,SAME_ROOM,FIRE,"roll_dice(5, 18)",STANDING,true,true,,,"MULTI_HIT,DAMAGE"
158,SPELL,magic torch,Magic Torch,BUFF,SELF,SAME_ROOM,NONE,,STANDING,true,false,,,APPLY_AFFECT
159,SPELL,smoke,Smoke,BUFF,SINGLE_ENEMY,SAME_ROOM,NONE,,STANDING,true,true,,,APPLY_AFFECT
160,SPELL,mirage,Mirage,BUFF,SELF,SAME_ROOM,NONE,,STANDING,true,false,,,APPLY_AFFECT
161,SPELL,flame blade,Flame Blade,UTILITY,AREA_ROOM,SAME_ROOM,NONE,,STANDING,false,false,,,CREATE_OBJECT
162,SPELL,positive field,Positive Field,DAMAGE,SINGLE_ENEMY,SAME_ROOM,SHOCK,"sorcerer_single_target(ch, spellnum, skill)",STANDING,true,true,,,DAMAGE
163,SPELL,firestorm,Firestorm,DAMAGE,AREA_ROOM,SAME_ROOM,FIRE,,STANDING,true,true,,,"AREA_EFFECT,DAMAGE"
164,SPELL,melt,Melt,DAMAGE,SINGLE_ENEMY,SAME_ROOM,FIRE,,STANDING,true,true,,,DAMAGE
165,SPELL,circle of fire,Circle Of Fire,UTILITY,AREA_ROOM,SAME_ROOM,FIRE,"(skill / 2) + roll_dice(2, 3)",STANDING,false,true,,,"AREA_EFFECT,DAMAGE"
166,SPELL,immolate,Immolate,UTILITY,SINGLE_ENEMY,SAME_ROOM,FIRE,,STANDING,true,true,,,DAMAGE
167,SPELL,supernova,Supernova,DAMAGE,AREA_ROOM,SAME_ROOM,FIRE,,STANDING,true,true,,,"AREA_EFFECT,DAMAGE"
168,SPELL,cremate,Cremate,DAMAGE,AREA_ROOM,SAME_ROOM,FIRE,,STANDING,true,true,,,"AREA_EFFECT,DAMAGE"
169,SPELL,negate heat,Negate Heat,BUFF,SELF,SAME_ROOM,NONE,,STANDING,false,false,,,APPLY_AFFECT
170,SPELL,acid burst,Acid Burst,DAMAGE,SINGLE_ENEMY,SAME_ROOM,ACID,"sorcerer_single_target(ch, spellnum, skill)",STANDING,true,true,,,DAMAGE
171,SPELL,ice darts,Ice Darts,UTILITY,SINGLE_ENEMY,SAME_ROOM,COLD,"roll_dice(4, 21)",STANDING,true,true,,,"MULTI_HIT,DAMAGE"
172,SPELL,ice armor,Ice Armor,BUFF,SELF,SAME_ROOM,NONE,,STANDING,false,false,,,APPLY_AFFECT
173,SPELL,ice dagger,Ice Dagger,UTILITY,AREA_ROOM,SAME_ROOM,NONE,,STANDING,false,false,,,CREATE_OBJECT
174,SPELL,freezing wind,Freezing Wind,DAMAGE,AREA_ROOM,SAME_ROOM,COLD,,STANDING,true,true,,,"AREA_EFFECT,DAMAGE"
175,SPELL,freeze,Freeze,DAMAGE,SINGLE_ENEMY,SAME_ROOM,COLD,"sorcerer_single_target(ch, spellnum, skill)",STANDING,true,true,,,DAMAGE
176,SPELL,wall of ice,Wall Of Ice,UTILITY,NONE,SAME_ROOM,COLD,,STANDING,false,false,,,"DAMAGE,AREA_EFFECT"
177,SPELL,iceball,Iceball,DAMAGE,SINGLE_ENEMY,SAME_ROOM,COLD,"sorcerer_single_target(ch, spellnum, skill)",STANDING,true,true,,,DAMAGE
178,SPELL,flood,Flood,UTILITY,AREA_ROOM,SAME_ROOM,NONE,,STANDING,true,true,,,APPLY_AFFECT
179,SPELL,vaporform,Vaporform,BUFF,SELF,SAME_ROOM,NONE,,STANDING,false,false,,,APPLY_AFFECT
180,SPELL,negate cold,Negate Cold,BUFF,SELF,SAME_ROOM,NONE,,STANDING,false,false,,,APPLY_AFFECT
181,SPELL,waterform,Waterform,BUFF,SELF,SAME_ROOM,NONE,,STANDING,false,false,,,APPLY_AFFECT
182,SPELL,extinguish,Extinguish,UTILITY,SINGLE_CHARACTER,SAME_ROOM,NONE,,SITTING,true,false,,,APPLY_AFFECT
183,SPELL,rain,Rain,UTILITY,AREA_ROOM,SAME_ROOM,NONE,,STANDING,false,false,,,APPLY_AFFECT
184,SPELL,reduce,Reduce,BUFF,SINGLE_CHARACTER,SAME_ROOM,MENTAL,,STANDING,false,false,,,"DAMAGE,APPLY_AFFECT"
185,SPELL,enlarge,Enlarge,BUFF,SINGLE_CHARACTER,SAME_ROOM,NONE,,STANDING,false,false,,,APPLY_AFFECT
186,SPELL,identify,Identify,UTILITY,SINGLE_CHARACTER,TOUCH,NONE,,SITTING,false,false,,,MESSAGE
187,SPELL,bone armor,Bone Armor,BUFF,SELF,SAME_ROOM,NONE,,STANDING,false,false,,,APPLY_AFFECT
188,SPELL,summon corpse,Summon Corpse,UTILITY,NONE,SAME_ROOM,NONE,,STANDING,false,false,,,TELEPORT
189,SPELL,shift corpse,Shift Corpse,UTILITY,NONE,SAME_ROOM,NONE,,STANDING,false,false,,,APPLY_AFFECT
190,SPELL,glory,Glory,BUFF,SELF,SAME_ROOM,NONE,,STANDING,false,false,,,APPLY_AFFECT
191,SPELL,illusory wall,Illusory Wall,UTILITY,NONE,SAME_ROOM,NONE,,STANDING,false,false,,,AREA_EFFECT
192,SPELL,nightmare,Nightmare,DAMAGE,SINGLE_ENEMY,SAME_ROOM,MENTAL,"sorcerer_single_target(ch, spellnum, skill)",STANDING,true,true,,,DAMAGE
193,SPELL,discorporate,Discorporate,DAMAGE,SINGLE_ENEMY,SAME_ROOM,NONE,,STANDING,true,true,,,DAMAGE
194,SPELL,isolation,Isolation,UTILITY,AREA_ROOM,SAME_ROOM,MENTAL,,STANDING,false,false,,,"AREA_EFFECT,DAMAGE"
195,SPELL,familiarity,Familiarity,BUFF,SELF,SAME_ROOM,NONE,,SITTING,false,false,,,APPLY_AFFECT
196,SPELL,hysteria,Hysteria,UTILITY,AREA_ROOM,SAME_ROOM,MENTAL,,STANDING,true,true,,,"AREA_EFFECT,DAMAGE"
197,SPELL,mesmerize,Mesmerize,BUFF,SINGLE_CHARACTER,SAME_ROOM,MENTAL,,STANDING,false,true,,,"DAMAGE,APPLY_AFFECT"
198,SPELL,severance,Severance,DAMAGE,AREA_ROOM,SAME_ROOM,NONE,,STANDING,true,true,,,"AREA_EFFECT,DAMAGE"
199,SPELL,soul reaver,Soul Reaver,DAMAGE,AREA_ROOM,SAME_ROOM,MENTAL,,STANDING,true,true,,,"AREA_EFFECT,DAMAGE"
200,SPELL,detonation,Detonation,DAMAGE,SINGLE_ENEMY,SAME_ROOM,PHYSICAL_BLUNT,"sorcerer_single_target(ch, spellnum, skill)",STANDING,true,true,,,DAMAGE
201,SPELL,fire breath,Fire Breath,DAMAGE,SINGLE_CHARACTER,SAME_ROOM,FIRE,"skill + random_number(1, skill * 2)",STANDING,true,true,,,DAMAGE
202,SPELL,gas breath,Gas Breath,DAMAGE,SINGLE_CHARACTER,SAME_ROOM,POISON,"skill + random_number(1, skill * 2)",STANDING,true,true,,,DAMAGE
203,SPELL,frost breath,Frost Breath,DAMAGE,SINGLE_CHARACTER,SAME_ROOM,COLD,"skill + random_number(1, skill * 2)",STANDING,true,true,,,DAMAGE
204,SPELL,acid breath,Acid Breath,DAMAGE,SINGLE_CHARACTER,SAME_ROOM,ACID,"skill + random_number(1, skill * 2)",STANDING,true,true,,,DAMAGE
205,SPELL,lightning breath,Lightning Breath,DAMAGE,SINGLE_CHARACTER,SAME_ROOM,SHOCK,"skill + random_number(1, skill * 2)",STANDING,true,true,,,DAMAGE
206,SPELL,lesser endurance,Lesser Endurance,BUFF,SINGLE_CHARACTER,SAME_ROOM,NONE,,STANDING,false,false,,,APPLY_AFFECT
207,SPELL,endurance,Endurance,BUFF,SINGLE_CHARACTER,SAME_ROOM,NONE,,STANDING,false,false,,,APPLY_AFFECT
208,SPELL,vitality,Vitality,BUFF,SINGLE_CHARACTER,SAME_ROOM,NONE,,STANDING,false,false,,,APPLY_AFFECT
209,SPELL,greater vitality,Greater Vitality,BUFF,SINGLE_CHARACTER,SAME_ROOM,NONE,,STANDING,false,false,,,APPLY_AFFECT
210,SPELL,dragons health,Dragons Health,HEALING,SINGLE_CHARACTER,SAME_ROOM,NONE,,STANDING,false,false,,,HEAL
211,SPELL,rebuke undead,Rebuke Undead,BUFF,SINGLE_ENEMY,SAME_ROOM,NONE,,STANDING,true,true,,,APPLY_AFFECT
212,SPELL,degeneration,Degeneration,UTILITY,SINGLE_ENEMY,SAME_ROOM,NONE,,STANDING,true,false,,,APPLY_AFFECT
213,SPELL,soul tap,Soul Tap,UTILITY,SINGLE_ENEMY,TOUCH,NONE,,STANDING,true,true,,,APPLY_AFFECT
214,SPELL,natures guidance,Natures Guidance,BUFF,SELF,SAME_ROOM,NONE,,STANDING,true,false,,,APPLY_AFFECT
215,SPELL,moonbeam,Moonbeam,UTILITY,AREA_ROOM,SAME_ROOM,NONE,,STANDING,true,true,,,APPLY_AFFECT
216,SPELL,phantasm,Phantasm,SUMMON,AREA_ROOM,SAME_ROOM,NONE,,STANDING,false,false,,,SUMMON
217,SPELL,simulacrum,Simulacrum,SUMMON,SINGLE_CHARACTER,ANYWHERE,NONE,,STANDING,false,false,,,SUMMON
218,SPELL,misdirection,Misdirection,BUFF,SELF,SAME_ROOM,MENTAL,,STANDING,false,false,,,"DAMAGE,APPLY_AFFECT"
219,SPELL,confusion,Confusion,BUFF,SINGLE_ENEMY,SAME_ROOM,MENTAL,,STANDING,true,true,,,"DAMAGE,APPLY_AFFECT"
220,SPELL,phosphoric embers,Phosphoric Embers,UTILITY,SINGLE_ENEMY,SAME_ROOM,FIRE,,STANDING,true,true,,,DAMAGE
222,SPELL,pyre,Pyre,UTILITY,AREA_ROOM,SAME_ROOM,FIRE,,STANDING,true,false,,,"AREA_EFFECT,DAMAGE,DELAYED_EFFECT"
223,SPELL,iron maiden,Iron Maiden,DAMAGE,SINGLE_ENEMY,SAME_ROOM,PHYSICAL_PIERCE,"sorcerer_single_target(ch, spellnum, skill)",STANDING,true,true,,,DAMAGE
224,SPELL,fracture,Fracture,UTILITY,AREA_ROOM,SAME_ROOM,PHYSICAL_SLASH,,STANDING,true,false,,,"AREA_EFFECT,DAMAGE"
226,SPELL,bone cage,Bone Cage,BUFF,SINGLE_ENEMY,SAME_ROOM,PHYSICAL_SLASH,,STANDING,true,true,,,"DAMAGE,APPLY_AFFECT"
228,SPELL,world teleport,World Teleport,TELEPORT,SELF,SAME_ROOM,NONE,,STANDING,true,false,,,TELEPORT
234,SPELL,spirit arrows,Spirit Arrows,UTILITY,SINGLE_ENEMY,SAME_ROOM,ALIGN,"roll_dice(4, 21)",STANDING,true,true,,,"MULTI_HIT,DAMAGE"
235,SPELL,protection from good,Protection From Good,BUFF,SINGLE_CHARACTER,SAME_ROOM,NONE,,STANDING,false,false,,,APPLY_AFFECT
236,SPELL,ancestral vengeance,Ancestral Vengeance,DAMAGE,SINGLE_ENEMY,SAME_ROOM,ALIGN,"sorcerer_single_target(ch, spellnum, skill)",STANDING,true,true,,,DAMAGE
237,SPELL,circle of death,Circle Of Death,DAMAGE,AREA_ROOM,SAME_ROOM,MENTAL,"dam += (pow(skill, 2) * 7) / 500",STANDING,true,true,,,"AREA_EFFECT,DAMAGE"
238,SPELL,baleful polymorph,Baleful Polymorph,DAMAGE,SINGLE_ENEMY,SAME_ROOM,NONE,"sorcerer_single_target(ch, spellnum, skill)",STANDING,true,true,,,DAMAGE
239,SPELL,spirit ray,Spirit Ray,DAMAGE,SINGLE_ENEMY,SAME_ROOM,ALIGN,"sorcerer_single_target(ch, spellnum, skill)",STANDING,true,true,,,DAMAGE
240,SPELL,vicious mockery,Vicious Mockery,DAMAGE,SINGLE_ENEMY,SAME_ROOM,MENTAL,"sorcerer_single_target(ch, spellnum, skill)",STANDING,true,true,,,DAMAGE
241,SPELL,remove paralysis,Remove Paralysis,UTILITY,SINGLE_CHARACTER,SAME_ROOM,NONE,,STANDING,false,false,,,REMOVE_AFFECT
242,SPELL,cloud of daggers,Cloud Of Daggers,UTILITY,AREA_ROOM,SAME_ROOM,PHYSICAL_SLASH,"dam += (pow(skill, 2) * 7) / 1250",STANDING,true,true,,,"AREA_EFFECT,DAMAGE"
243,SPELL,reveal hidden,Reveal Hidden,UTILITY,SELF,SAME_ROOM,NONE,,SITTING,false,false,,,APPLY_AFFECT
244,SPELL,blinding beauty,Blinding Beauty,DAMAGE,AREA_ROOM,SAME_ROOM,NONE,,STANDING,true,true,,,"AREA_EFFECT,DAMAGE"
245,SPELL,acid fog,Acid Fog,UTILITY,AREA_ROOM,SAME_ROOM,ACID,"dam += (pow(skill, 2) * 7) / 1250",STANDING,true,true,,,"AREA_EFFECT,DAMAGE,DELAYED_EFFECT"
246,SPELL,web,Web,BUFF,SINGLE_ENEMY,SAME_ROOM,MENTAL,,STANDING,true,false,,,"DAMAGE,APPLY_AFFECT"
247,SPELL,earth blessing,Earth Blessing,BUFF,SINGLE_CHARACTER,SAME_ROOM,NONE,,SITTING,false,false,,,APPLY_AFFECT
248,SPELL,protection from fire,Protection From Fire,BUFF,SINGLE_CHARACTER,SAME_ROOM,NONE,,STANDING,false,false,,,APPLY_AFFECT
249,SPELL,protection from cold,Protection From Cold,BUFF,SINGLE_CHARACTER,SAME_ROOM,NONE,,STANDING,false,false,,,APPLY_AFFECT
250,SPELL,protection from earth,Protection From Earth,BUFF,SINGLE_CHARACTER,SAME_ROOM,NONE,,STANDING,false,false,,,APPLY_AFFECT
251,SPELL,protection from air,Protection From Air,BUFF,SINGLE_CHARACTER,SAME_ROOM,NONE,,STANDING,false,false,,,APPLY_AFFECT
252,SPELL,enhance strength,Enhance Strength,BUFF,SINGLE_CHARACTER,SAME_ROOM,NONE,,STANDING,false,false,,,APPLY_AFFECT
253,SPELL,enhance dexterity,Enhance Dexterity,BUFF,SINGLE_CHARACTER,SAME_ROOM,NONE,,STANDING,false,false,,,APPLY_AFFECT
254,SPELL,enhance constitution,Enhance Constitution,BUFF,SINGLE_CHARACTER,SAME_ROOM,NONE,,STANDING,false,false,,,APPLY_AFFECT
255,SPELL,enhance intelligence,Enhance Intelligence,BUFF,SINGLE_CHARACTER,SAME_ROOM,NONE,,STANDING,false,false,,,APPLY_AFFECT
256,SPELL,enhance wisdom,Enhance Wisdom,BUFF,SINGLE_CHARACTER,SAME_ROOM,NONE,,STANDING,false,false,,,APPLY_AFFECT
257,SPELL,enhance charisma,Enhance Charisma,BUFF,SINGLE_CHARACTER,SAME_ROOM,NONE,,STANDING,false,false,,,APPLY_AFFECT
258,SPELL,fires of st. augustine,Fires Of St. Augustine,BUFF,SELF,SAME_ROOM,NONE,,SITTING,true,false,,,APPLY_AFFECT
259,SPELL,blizzards of st. augustine,Blizzards Of St. Augustine,BUFF,SELF,SAME_ROOM,NONE,,SITTING,true,false,,,APPLY_AFFECT
260,SPELL,tremors of st. augustine,Tremors Of St. Augustine,BUFF,SELF,SAME_ROOM,NONE,,SITTING,true,false,,,APPLY_AFFECT
261,SPELL,tempest of st. augustine,Tempest Of St. Augustine,BUFF,SELF,SAME_ROOM,NONE,,SITTING,true,false,,,APPLY_AFFECT
263,SPELL,water blast,Water Blast,DAMAGE,SINGLE_ENEMY,SAME_ROOM,NONE,"sorcerer_single_target(ch, spellnum, skill)",STANDING,true,true,,,DAMAGE
264,SPELL,displacement,Displacement,BUFF,SELF,SAME_ROOM,MENTAL,,STANDING,true,false,,,"DAMAGE,APPLY_AFFECT"
265,SPELL,greater displacement,Greater Displacement,BUFF,SELF,SAME_ROOM,MENTAL,,STANDING,true,false,,,"DAMAGE,APPLY_AFFECT"
266,SPELL,nimble,Nimble,BUFF,SELF,SAME_ROOM,NONE,,STANDING,true,false,,,APPLY_AFFECT
267,SPELL,clarity,Clarity,BUFF,SINGLE_CHARACTER,SAME_ROOM,NONE,,STANDING,false,false,,,APPLY_AFFECT
401,SKILL,backstab,Backstab,STEALTH,NONE,TOUCH,NONE,,STANDING,true,true,ASSASSIN:1; BARD:1; ILLUSIONIST:15; MERCENARY:10; ROGUE:1; THIEF:1,act.offensive.cpp::do_backstab,"CONDITION,DAMAGE"
402,SKILL,bash,Bash,COMBAT,NONE,TOUCH,NONE,,STANDING,true,true,ANTI_PALADIN:1; HUNTER:1; MERCENARY:1; PALADIN:1; RANGER:1; WARRIOR:1,act.offensive.cpp::do_bash,"DAMAGE,APPLY_AFFECT"
403,SKILL,hide,Hide,MOVEMENT,NONE,SAME_ROOM,NONE,,STANDING,true,false,ASSASSIN:1; BARD:10; ILLUSIONIST:20; MERCENARY:20; ROGUE:1; THIEF:1,act.other.cpp::do_hide,APPLY_AFFECT
404,SKILL,kick,Kick,COMBAT,NONE,TOUCH,NONE,,STANDING,true,true,ANTI_PALADIN:1; ASSASSIN:10; BERSERKER:1; HUNTER:1; MERCENARY:1; MONK:1; PALADIN:1; RANGER:1; WARRIOR:1,act.offensive.cpp::do_kick,NONE
405,SKILL,pick lock,Pick Lock,STEALTH,NONE,SAME_ROOM,NONE,,STANDING,true,false,ASSASSIN:5; BARD:10; ROGUE:5; THIEF:1,,NONE
406,SKILL,punch,Punch,COMBAT,NONE,TOUCH,NONE,,STANDING,true,true,,,NONE
407,SKILL,rescue,Rescue,DEFENSIVE,NONE,SAME_ROOM,NONE,,STANDING,true,false,ANTI_PALADIN:10; BERSERKER:35; HUNTER:1; PALADIN:10; RANGER:35; WARRIOR:15,act.offensive.cpp::do_rescue,CONDITION
408,SKILL,sneak,Sneak,MOVEMENT,NONE,SAME_ROOM,NONE,,STANDING,true,false,ASSASSIN:1; BARD:10; ROGUE:1; THIEF:1,,APPLY_AFFECT
409,SKILL,steal,Steal,STEALTH,NONE,TOUCH,NONE,,STANDING,true,true,BARD:10; THIEF:10,act.other.cpp::do_steal,NONE
410,SKILL,track,Track,MOVEMENT,NONE,SAME_ROOM,NONE,,STANDING,true,false,ASSASSIN:10; BARD:50; HUNTER:36; MERCENARY:30; RANGER:1; ROGUE:30; THIEF:40,,MESSAGE
411,SKILL,dual wield,Dual Wield,WEAPON_PROFICIENCY,NONE,SAME_ROOM,NONE,,STANDING,true,false,ANTI_PALADIN:20; ASSASSIN:15; BARD:70; BERSERKER:20; HUNTER:1; MERCENARY:15; MONK:1; PALADIN:20; RANGER:1; ROGUE:15; THIEF:15; WARRIOR:25,act.item.cpp::do_wield,NONE
412,SKILL,double attack,Double Attack,UTILITY,NONE,SAME_ROOM,NONE,,STANDING,true,false,ANTI_PALADIN:70; ASSASSIN:70; BARD:50; BERSERKER:85; HUNTER:1; MERCENARY:50; MONK:30; PALADIN:70; RANGER:60; ROGUE:70; THIEF:75; WARRIOR:35,,APPLY_AFFECT
413,SKILL,berserk,Berserk,DEFENSIVE,NONE,SAME_ROOM,NONE,,STANDING,true,false,BERSERKER:10,act.offensive.cpp::do_berserk,APPLY_AFFECT
414,SKILL,springleap,Springleap,MOVEMENT,NONE,TOUCH,NONE,,STANDING,true,true,MONK:50,act.offensive.cpp::do_springleap,NONE
415,SKILL,mount,Mount,MOVEMENT,NONE,SAME_ROOM,NONE,,STANDING,true,false,,act.movement.cpp::do_mount,NONE
416,SKILL,riding,Riding,MOVEMENT,NONE,SAME_ROOM,NONE,,STANDING,true,false,,,NONE
417,SKILL,tame,Tame,DEFENSIVE,NONE,SAME_ROOM,NONE,,STANDING,true,false,ANTI_PALADIN:1; DRUID:1; HUNTER:7; PALADIN:1; RANGER:1; SHAMAN:7,act.movement.cpp::do_tame,APPLY_AFFECT
418,SKILL,throatcut,Throatcut,STEALTH,NONE,TOUCH,NONE,,STANDING,true,true,ASSASSIN:30,act.offensive.cpp::do_throatcut,"CONDITION,DAMAGE"
419,SKILL,doorbash,Doorbash,DEFENSIVE,NONE,SAME_ROOM,NONE,,STANDING,true,false,,act.offensive.cpp::do_bash,APPLY_AFFECT
420,SKILL,parry,Parry,DEFENSIVE,NONE,SAME_ROOM,NONE,,STANDING,true,false,ANTI_PALADIN:20; ASSASSIN:40; BARD:40; BERSERKER:15; HUNTER:1; MERCENARY:30; MONK:10; PALADIN:20; RANGER:30; ROGUE:40; THIEF:30; WARRIOR:30,,APPLY_AFFECT
421,SKILL,dodge,Dodge,DEFENSIVE,NONE,SAME_ROOM,NONE,,STANDING,true,false,ANTI_PALADIN:1; ASSASSIN:1; BARD:20; BERSERKER:1; CLERIC:20; DIABOLIST:20; DRUID:20; HUNTER:1; MERCENARY:1; MONK:1; MYSTIC:1; PALADIN:1; PRIEST:20; RANGER:10; ROGUE:1; SHAMAN:1; THIEF:1; WARRIOR:1,,APPLY_AFFECT
422,SKILL,riposte,Riposte,DEFENSIVE,NONE,SAME_ROOM,NONE,,STANDING,true,false,ANTI_PALADIN:40; BERSERKER:50; HUNTER:1; MERCENARY:60; MONK:20; PALADIN:40; RANGER:40; WARRIOR:40,,APPLY_AFFECT
423,SKILL,meditate,Meditate,UTILITY,NONE,SAME_ROOM,NONE,,STANDING,true,false,BARD:1; BERSERKER:50,,APPLY_AFFECT
424,SKILL,quick chant,Quick Chant,UTILITY,NONE,SAME_ROOM,NONE,,STANDING,true,false,,,APPLY_AFFECT
426,SKILL,circle,Circle,STEALTH,NONE,TOUCH,NONE,,STANDING,true,true,,,NONE
427,SKILL,bodyslam,Bodyslam,COMBAT,NONE,TOUCH,NONE,,STANDING,true,true,,act.offensive.cpp::,NONE
428,SKILL,bind,Bind,COMBAT,NONE,TOUCH,NONE,,STANDING,true,true,MERCENARY:16,act.other.cpp::do_bind,NONE
429,SKILL,shapechange,Shapechange,DEFENSIVE,NONE,SAME_ROOM,NONE,,STANDING,true,false,DRUID:1,act.other.cpp::do_shapechange,APPLY_AFFECT
430,SKILL,switch,Switch,UTILITY,NONE,TOUCH,NONE,,STANDING,true,true,ANTI_PALADIN:10; BERSERKER:1; HUNTER:1; MERCENARY:40; MONK:40; PALADIN:10; RANGER:10; WARRIOR:10,,APPLY_AFFECT
431,SKILL,disarm,Disarm,COMBAT,NONE,TOUCH,NONE,,STANDING,true,true,ANTI_PALADIN:50; MERCENARY:20; PALADIN:50; THIEF:40; WARRIOR:20,act.offensive.cpp::do_disarm,"CONDITION,MODIFY_OBJECT"
434,SKILL,guard,Guard,DEFENSIVE,NONE,SAME_ROOM,NONE,,STANDING,true,false,ANTI_PALADIN:10; BERSERKER:25; HUNTER:1; MERCENARY:10; PALADIN:10; RANGER:50; WARRIOR:25,act.other.cpp::do_guard,CONDITION
435,SKILL,breathe lightning,Breathe Lightning,DEFENSIVE,NONE,SAME_ROOM,NONE,,STANDING,true,false,,act.offensive.cpp::do_breathe,APPLY_AFFECT
436,SKILL,sweep,Sweep,COMBAT,NONE,TOUCH,NONE,,STANDING,true,true,,act.offensive.cpp::do_sweep,NONE
437,SKILL,roar,Roar,DEFENSIVE,NONE,SAME_ROOM,NONE,,STANDING,true,false,,act.offensive.cpp::do_roar,APPLY_AFFECT
438,SKILL,douse,Douse,DEFENSIVE,NONE,SAME_ROOM,NONE,,STANDING,true,false,,act.other.cpp::do_douse,APPLY_AFFECT
440,SKILL,instant kill,Instant Kill,COMBAT,NONE,TOUCH,NONE,,STANDING,true,true,ASSASSIN:1,act.offensive.cpp::do_kill,NONE
441,SKILL,hitall,Hitall,COMBAT,NONE,TOUCH,NONE,,STANDING,true,true,ANTI_PALADIN:80; PALADIN:80; WARRIOR:50,act.offensive.cpp::do_hit,NONE
442,SKILL,hunt,Hunt,UTILITY,NONE,SAME_ROOM,NONE,,STANDING,true,false,HUNTER:41,,APPLY_AFFECT
443,SKILL,bandage,Bandage,DEFENSIVE,NONE,SAME_ROOM,NONE,,STANDING,true,false,,act.other.cpp::do_bandage,APPLY_AFFECT
444,SKILL,first aid,First Aid,DEFENSIVE,NONE,SAME_ROOM,NONE,,STANDING,true,false,,act.other.cpp::do_first_aid,APPLY_AFFECT
445,SKILL,vampiric touch,Vampiric Touch,COMBAT,NONE,TOUCH,NONE,,STANDING,true,true,ANTI_PALADIN:45,act.item.cpp::do_touch,NONE
446,SKILL,chant,Chant,UTILITY,NONE,SAME_ROOM,NONE,,STANDING,true,false,BERSERKER:25; MONK:15,,APPLY_AFFECT
447,SKILL,scribe,Scribe,UTILITY,NONE,SAME_ROOM,NONE,,STANDING,true,false,BARD:1,,APPLY_AFFECT
448,SKILL,safefall,Safefall,MOVEMENT,NONE,SAME_ROOM,NONE,,STANDING,true,false,MONK:1,,NONE
449,SKILL,barehand,Barehand,WEAPON_PROFICIENCY,NONE,TOUCH,NONE,,STANDING,true,true,MONK:1,,NONE
450,SKILL,summon mount,Summon Mount,MOVEMENT,NONE,SAME_ROOM,NONE,,STANDING,true,false,ANTI_PALADIN:15; PALADIN:15,act.movement.cpp::do_mount,SUMMON
451,SKILL,spell knowledge,Spell Knowledge,UTILITY,NONE,SAME_ROOM,NONE,,STANDING,true,false,,,APPLY_AFFECT
452,SKILL,sphere of generic,Sphere Of Generic,UTILITY,NONE,SAME_ROOM,NONE,,STANDING,true,false,,,APPLY_AFFECT
453,SKILL,sphere of fire,Sphere Of Fire,UTILITY,NONE,SAME_ROOM,NONE,,STANDING,true,false,,spell_parser.cpp::,APPLY_AFFECT
454,SKILL,sphere of water,Sphere Of Water,UTILITY,NONE,SAME_ROOM,NONE,,STANDING,true,false,,spell_parser.cpp::,APPLY_AFFECT
455,SKILL,sphere of earth,Sphere Of Earth,UTILITY,NONE,SAME_ROOM,NONE,,STANDING,true,false,,spell_parser.cpp::,APPLY_AFFECT
456,SKILL,sphere of air,Sphere Of Air,UTILITY,NONE,SAME_ROOM,NONE,,STANDING,true,false,,,APPLY_AFFECT
457,SKILL,sphere of healing,Sphere Of Healing,UTILITY,NONE,SAME_ROOM,NONE,,STANDING,true,false,,,HEAL
458,SKILL,sphere of protection,Sphere Of Protection,UTILITY,NONE,SAME_ROOM,NONE,,STANDING,true,false,,,APPLY_AFFECT
459,SKILL,sphere of enchantment,Sphere Of Enchantment,UTILITY,NONE,SAME_ROOM,NONE,,STANDING,true,false,,,MODIFY_OBJECT
460,SKILL,sphere of summoning,Sphere Of Summoning,UTILITY,NONE,SAME_ROOM,NONE,,STANDING,true,false,,,SUMMON
461,SKILL,sphere of death,Sphere Of Death,UTILITY,NONE,SAME_ROOM,NONE,,STANDING,true,false,,act.item.cpp::do_eat,APPLY_AFFECT
462,SKILL,sphere of divination,Sphere Of Divination,UTILITY,NONE,SAME_ROOM,NONE,,STANDING,true,false,,,APPLY_AFFECT
463,SKILL,bludgeoning weapons,Bludgeoning Weapons,WEAPON_PROFICIENCY,NONE,TOUCH,NONE,,STANDING,true,true,ANTI_PALADIN:1; ASSASSIN:1; BARD:1; BERSERKER:1; CLERIC:1; DIABOLIST:1; DRUID:1; HUNTER:1; MERCENARY:1; MONK:1; MYSTIC:1; PALADIN:1; PRIEST:1; RANGER:1; ROGUE:1; SHAMAN:1; THIEF:1; WARRIOR:1,,NONE
464,SKILL,piercing weapons,Piercing Weapons,WEAPON_PROFICIENCY,NONE,TOUCH,NONE,,STANDING,true,true,ANTI_PALADIN:1; ASSASSIN:1; BARD:1; BERSERKER:1; DRUID:1; HUNTER:1; MERCENARY:1; PALADIN:1; RANGER:1; ROGUE:1; SHAMAN:1; THIEF:1; WARRIOR:1,,NONE
465,SKILL,slashing weapons,Slashing Weapons,WEAPON_PROFICIENCY,NONE,TOUCH,NONE,,STANDING,true,true,ANTI_PALADIN:1; ASSASSIN:1; BARD:1; BERSERKER:1; DRUID:1; HUNTER:1; MERCENARY:1; MYSTIC:1; PALADIN:1; RANGER:1; ROGUE:1; SHAMAN:1; THIEF:1; WARRIOR:1,,NONE
466,SKILL,2H bludgeoning weapons,2H Bludgeoning Weapons,WEAPON_PROFICIENCY,NONE,TOUCH,NONE,,STANDING,true,true,ANTI_PALADIN:1; BERSERKER:1; CLERIC:1; DIABOLIST:1; DRUID:1; HUNTER:1; MERCENARY:1; MYSTIC:1; PALADIN:1; PRIEST:1; RANGER:1; SHAMAN:1; WARRIOR:1,,NONE
467,SKILL,2H piercing weapons,2H Piercing Weapons,WEAPON_PROFICIENCY,NONE,TOUCH,NONE,,STANDING,true,true,ANTI_PALADIN:1; BERSERKER:1; HUNTER:1; MERCENARY:1; PALADIN:1; RANGER:1; WARRIOR:1,,NONE
468,SKILL,2H slashing weapons,2H Slashing Weapons,WEAPON_PROFICIENCY,NONE,TOUCH,NONE,,STANDING,true,true,ANTI_PALADIN:1; BERSERKER:1; HUNTER:1; MERCENARY:1; PALADIN:1; RANGER:1; WARRIOR:1,,NONE
469,SKILL,missile weapons,Missile Weapons,WEAPON_PROFICIENCY,NONE,SAME_ROOM,NONE,,STANDING,true,true,,,NONE
472,SKILL,eye gouge,Eye Gouge,COMBAT,NONE,TOUCH,NONE,,STANDING,true,true,THIEF:10,act.offensive.cpp::do_eye_gouge,NONE
473,SKILL,retreat,Retreat,MOVEMENT,NONE,SAME_ROOM,NONE,,STANDING,true,false,ANTI_PALADIN:60; MERCENARY:40; PALADIN:60; WARRIOR:60,act.offensive.cpp::do_retreat,NONE
474,SKILL,group retreat,Group Retreat,MOVEMENT,NONE,SAME_ROOM,NONE,,STANDING,true,false,MERCENARY:80,act.offensive.cpp::do_retreat,NONE
475,SKILL,corner,Corner,DEFENSIVE,NONE,SAME_ROOM,NONE,,STANDING,true,false,MONK:80; ROGUE:60,act.offensive.cpp::do_corner,APPLY_AFFECT
476,SKILL,stealth,Stealth,STEALTH,NONE,SAME_ROOM,NONE,,STANDING,true,false,ROGUE:50; THIEF:50,act.other.cpp::do_steal,NONE
477,SKILL,shadow,Shadow,STEALTH,NONE,SAME_ROOM,NONE,,STANDING,true,false,ASSASSIN:40; ROGUE:60,,NONE
478,SKILL,conceal,Conceal,STEALTH,NONE,SAME_ROOM,NONE,,STANDING,true,false,ILLUSIONIST:10; ROGUE:25; THIEF:10,act.item.cpp::do_conceal,NONE
479,SKILL,peck,Peck,COMBAT,NONE,TOUCH,NONE,,STANDING,true,true,,act.offensive.cpp::do_peck,NONE
480,SKILL,claw,Claw,COMBAT,NONE,TOUCH,NONE,,STANDING,true,true,,act.offensive.cpp::do_claw,NONE
481,SKILL,electrify,Electrify,COMBAT,NONE,SAME_ROOM,NONE,,STANDING,true,true,,act.offensive.cpp::do_electrify,NONE
482,SKILL,tantrum,Tantrum,UTILITY,NONE,TOUCH,NONE,,STANDING,true,true,BERSERKER:45,,APPLY_AFFECT
483,SKILL,ground shaker,Ground Shaker,UTILITY,NONE,SAME_ROOM,NONE,,STANDING,true,false,BERSERKER:75,,APPLY_AFFECT
484,SKILL,battle howl,Battle Howl,UTILITY,NONE,SAME_ROOM,NONE,,STANDING,true,false,BERSERKER:30,,APPLY_AFFECT
485,SKILL,maul,Maul,COMBAT,NONE,TOUCH,NONE,,STANDING,true,true,BERSERKER:65,act.offensive.cpp::,NONE
486,SKILL,breathe fire,Breathe Fire,DEFENSIVE,NONE,SAME_ROOM,NONE,,STANDING,true,false,,act.offensive.cpp::do_breathe,APPLY_AFFECT
487,SKILL,breathe frost,Breathe Frost,DEFENSIVE,NONE,SAME_ROOM,NONE,,STANDING,true,false,,act.offensive.cpp::do_breathe,APPLY_AFFECT
488,SKILL,breathe acid,Breathe Acid,DEFENSIVE,NONE,SAME_ROOM,NONE,,STANDING,true,false,,act.offensive.cpp::do_breathe,APPLY_AFFECT
489,SKILL,breathe gas,Breathe Gas,DEFENSIVE,NONE,SAME_ROOM,NONE,,STANDING,true,false,,act.offensive.cpp::do_breathe,APPLY_AFFECT
490,SKILL,perform,Perform,UTILITY,NONE,SAME_ROOM,NONE,,STANDING,true,false,BARD:1,,APPLY_AFFECT
491,SKILL,cartwheel,Cartwheel,COMBAT,NONE,TOUCH,NONE,,STANDING,true,true,ROGUE:10,act.offensive.cpp::do_cartwheel,NONE
492,SKILL,lure,Lure,DEFENSIVE,NONE,SAME_ROOM,NONE,,STANDING,true,false,ROGUE:15,act.offensive.cpp::do_lure,APPLY_AFFECT
493,SKILL,sneak attack,Sneak Attack,MOVEMENT,NONE,SAME_ROOM,NONE,,STANDING,true,false,ROGUE:1,,APPLY_AFFECT
494,SKILL,rend,Rend,COMBAT,NONE,TOUCH,NONE,,STANDING,true,true,THIEF:30,act.offensive.cpp::do_rend,NONE
495,SKILL,roundhouse,Roundhouse,COMBAT,NONE,TOUCH,NONE,,STANDING,true,true,MONK:65,act.offensive.cpp::do_roundhouse,NONE
551,SONG,inspiration,Inspiration,UTILITY,SINGLE_CHARACTER,SAME_ROOM,NONE,,STANDING,true,false,,,APPLY_AFFECT
552,SONG,terror,Terror,UTILITY,SINGLE_ENEMY,SAME_ROOM,NONE,,STANDING,true,true,,,APPLY_AFFECT
553,SONG,enrapture,Enrapture,UTILITY,AREA_ROOM,SAME_ROOM,NONE,,STANDING,false,false,,,APPLY_AFFECT
554,SONG,hearthsong,Hearthsong,UTILITY,AREA_ROOM,SAME_ROOM,NONE,,STANDING,false,false,,,APPLY_AFFECT
555,SONG,crown of madness,Crown Of Madness,UTILITY,AREA_ROOM,SAME_ROOM,NONE,,STANDING,true,true,,,APPLY_AFFECT
556,SONG,song of rest,Song Of Rest,UTILITY,SINGLE_CHARACTER,SAME_ROOM,NONE,,STANDING,false,false,,act.movement.cpp::do_rest,APPLY_AFFECT
557,SONG,ballad of tears,Ballad Of Tears,UTILITY,AREA_ROOM,SAME_ROOM,NONE,,STANDING,true,true,,,APPLY_AFFECT
558,SONG,heroic journey,Heroic Journey,UTILITY,SINGLE_CHARACTER,SAME_ROOM,NONE,,STANDING,true,false,,,APPLY_AFFECT
559,SONG,freedom song,Freedom Song,UTILITY,AREA_ROOM,SAME_ROOM,NONE,,STANDING,true,true,,,APPLY_AFFECT
560,SONG,joyful noise,Joyful Noise,UTILITY,SINGLE_CHARACTER,SAME_ROOM,NONE,,STANDING,true,false,,,APPLY_AFFECT
601,CHANT,regeneration,Regeneration,UTILITY,SELF,SAME_ROOM,NONE,,SITTING,false,false,,,APPLY_AFFECT
602,CHANT,battle hymn,Battle Hymn,UTILITY,SELF,SAME_ROOM,NONE,,STANDING,false,false,,,APPLY_AFFECT
603,CHANT,war cry,War Cry,UTILITY,AREA_ROOM,SAME_ROOM,NONE,,STANDING,false,false,,,APPLY_AFFECT
604,CHANT,peace,Peace,UTILITY,AREA_ROOM,SAME_ROOM,NONE,,STANDING,true,false,,act.other.cpp::do_peace,APPLY_AFFECT
605,CHANT,shadows sorrow song,Shadows Sorrow Song,UTILITY,AREA_ROOM,SAME_ROOM,NONE,,STANDING,true,true,,,APPLY_AFFECT
606,CHANT,ivory symphony,Ivory Symphony,UTILITY,AREA_ROOM,SAME_ROOM,NONE,,STANDING,true,true,,spell_parser.cpp::,APPLY_AFFECT
607,CHANT,aria of dissonance,Aria Of Dissonance,UTILITY,SINGLE_ENEMY,SAME_ROOM,NONE,,STANDING,true,true,,,APPLY_AFFECT
608,CHANT,sonata of malaise,Sonata Of Malaise,UTILITY,AREA_ROOM,SAME_ROOM,NONE,,STANDING,true,true,,,APPLY_AFFECT
609,CHANT,apocalyptic anthem,Apocalyptic Anthem,UTILITY,AREA_ROOM,SAME_ROOM,NONE,,STANDING,true,true,,spell_parser.cpp::,APPLY_AFFECT
610,CHANT,seed of destruction,Seed Of Destruction,UTILITY,SINGLE_ENEMY,SAME_ROOM,NONE,,STANDING,true,true,,,APPLY_AFFECT
611,CHANT,spirit of the wolf,Spirit Of The Wolf,UTILITY,SELF,SAME_ROOM,NONE,,STANDING,true,false,,,APPLY_AFFECT
612,CHANT,spirit of the bear,Spirit Of The Bear,UTILITY,SELF,SAME_ROOM,NONE,,STANDING,true,false,,,APPLY_AFFECT
613,CHANT,interminable wrath,Interminable Wrath,UTILITY,SELF,SAME_ROOM,NONE,,STANDING,true,false,,,APPLY_AFFECT
614,CHANT,hymn of saint augustine,Hymn Of Saint Augustine,UTILITY,SELF,SAME_ROOM,NONE,,SITTING,true,false,,,APPLY_AFFECT
615,CHANT,fires of saint augustine,Fires Of Saint Augustine,UTILITY,SELF,SAME_ROOM,NONE,,SITTING,true,false,,,APPLY_AFFECT
616,CHANT,blizzards of saint augustine,Blizzards Of Saint Augustine,UTILITY,SELF,SAME_ROOM,NONE,,SITTING,true,false,,,APPLY_AFFECT
617,CHANT,tremors of saint augustine,Tremors Of Saint Augustine,UTILITY,SELF,SAME_ROOM,NONE,,SITTING,true,false,,,APPLY_AFFECT
618,CHANT,tempest of saint augustine,Tempest Of Saint Augustine,UTILITY,SELF,SAME_ROOM,NONE,,SITTING,true,false,,,APPLY_AFFECT
