id,type,name,displayName,category,targetType,targetScope,damageType,damageFormula,minPosition,canUseInCombat,violent,classes,implementation
1,SPELL,armor,Armor,BUFF,SINGLE_CHARACTER,SAME_ROOM,NONE,,STANDING,true,false,,
2,SPELL,teleport,Teleport,TELEPORT,SELF,SAME_ROOM,NONE,,STANDING,true,false,,
3,SPELL,bless,Bless,BUFF,SINGLE_CHARACTER,SAME_ROOM,NONE,,SITTING,false,false,,
4,SPELL,blindness,Blindness,BUFF,SINGLE_ENEMY,SAME_ROOM,NONE,,STANDING,true,true,,
5,SPELL,burning hands,Burning Hands,DAMAGE,SINGLE_ENEMY,TOUCH,FIRE,"sorcerer_single_target(ch, spellnum, skill)",STANDING,true,true,,
6,SPELL,call lightning,Call Lightning,DAMAGE,SINGLE_ENEMY,SAME_ROOM,SHOCK,"dam += (pow(skill, 2) * 7) / 400",STANDING,true,true,,
7,SPELL,charm person,Charm Person,UTILITY,SINGLE_CHARACTER,SAME_ROOM,MENTAL,,STANDING,false,false,,
8,SPELL,chill touch,Chill Touch,DAMAGE,SINGLE_ENEMY,TOUCH,COLD,"sorcerer_single_target(ch, spellnum, skill)",STANDING,true,true,,
9,SPELL,clone,Clone,SUMMON,SELF,SAME_ROOM,NONE,,STANDING,false,false,,
10,SPELL,color spray,Color Spray,UTILITY,AREA_ROOM,SAME_ROOM,NONE,"dam += (pow(skill, 2) * 1) / 200",STANDING,true,true,,
11,SPELL,control weather,Control Weather,UTILITY,NONE,SAME_ROOM,NONE,,STANDING,false,false,,
12,SPELL,create food,Create Food,UTILITY,AREA_ROOM,SAME_ROOM,NONE,,SITTING,false,false,,
13,SPELL,create water,Create Water,UTILITY,NONE,SAME_ROOM,NONE,,SITTING,false,false,,
14,SPELL,cure blind,Cure Blind,UTILITY,SINGLE_CHARACTER,SAME_ROOM,NONE,,STANDING,true,false,,
15,SPELL,cure critic,Cure Critic,UTILITY,SINGLE_CHARACTER,SAME_ROOM,NONE,,STANDING,true,false,,
16,SPELL,cure light,Cure Light,UTILITY,SINGLE_CHARACTER,SAME_ROOM,NONE,,STANDING,true,false,,
18,SPELL,detect alignment,Detect Alignment,BUFF,SINGLE_CHARACTER,SAME_ROOM,NONE,,SITTING,false,false,,
19,SPELL,detect invisibility,Detect Invisibility,BUFF,SINGLE_CHARACTER,SAME_ROOM,NONE,,SITTING,false,false,,
20,SPELL,detect magic,Detect Magic,BUFF,SINGLE_CHARACTER,SAME_ROOM,NONE,,SITTING,false,false,,
21,SPELL,detect poison,Detect Poison,BUFF,SINGLE_CHARACTER,SAME_ROOM,NONE,,SITTING,false,false,,
22,SPELL,dispel evil,Dispel Evil,DAMAGE,SINGLE_ENEMY,SAME_ROOM,ALIGN,,STANDING,true,true,,
23,SPELL,earthquake,Earthquake,DAMAGE,AREA_ROOM,SAME_ROOM,ACID,,STANDING,true,true,,
24,SPELL,enchant weapon,Enchant Weapon,UTILITY,NONE,SAME_ROOM,NONE,,STANDING,false,false,,
25,SPELL,energy drain,Energy Drain,UTILITY,SINGLE_ENEMY,SAME_ROOM,NONE,,STANDING,true,true,,
26,SPELL,fireball,Fireball,DAMAGE,SINGLE_ENEMY,SAME_ROOM,FIRE,"sorcerer_single_target(ch, spellnum, skill)",STANDING,true,true,,
27,SPELL,harm,Harm,DAMAGE,SINGLE_ENEMY,TOUCH,NONE,"dam += (pow(skill, 2) * 41) / 5000",STANDING,true,true,,
28,SPELL,heal,Heal,UTILITY,SINGLE_CHARACTER,SAME_ROOM,NONE,,STANDING,true,false,,
29,SPELL,invisibility,Invisibility,BUFF,SINGLE_CHARACTER,SAME_ROOM,NONE,,STANDING,false,false,,
30,SPELL,lightning bolt,Lightning Bolt,DAMAGE,SINGLE_ENEMY,SAME_ROOM,SHOCK,"sorcerer_single_target(ch, spellnum, skill)",STANDING,true,true,,
31,SPELL,locate object,Locate Object,UTILITY,NONE,SAME_ROOM,NONE,,SITTING,false,false,,
32,SPELL,magic missile,Magic Missile,UTILITY,SINGLE_ENEMY,SAME_ROOM,PHYSICAL_BLUNT,"roll_dice(4, 21)",STANDING,true,true,,
33,SPELL,poison,Poison,BUFF,SINGLE_ENEMY,SAME_ROOM,NONE,,STANDING,true,true,,
34,SPELL,protection from evil,Protection From Evil,BUFF,SINGLE_CHARACTER,SAME_ROOM,NONE,,STANDING,false,false,,
35,SPELL,remove curse,Remove Curse,UTILITY,SINGLE_CHARACTER,SAME_ROOM,NONE,,STANDING,false,false,,
36,SPELL,sanctuary,Sanctuary,BUFF,SINGLE_CHARACTER,SAME_ROOM,NONE,,STANDING,false,false,,
37,SPELL,shocking grasp,Shocking Grasp,DAMAGE,SINGLE_ENEMY,TOUCH,SHOCK,"sorcerer_single_target(ch, spellnum, skill)",STANDING,true,true,,
38,SPELL,sleep,Sleep,BUFF,SINGLE_CHARACTER,SAME_ROOM,MENTAL,,STANDING,false,false,,
39,SPELL,enhance ability,Enhance Ability,BUFF,SINGLE_CHARACTER,SAME_ROOM,NONE,,STANDING,false,false,,
40,SPELL,summon,Summon,UTILITY,SINGLE_CHARACTER,ANYWHERE,NONE,,STANDING,false,false,,
41,SPELL,ventriloquate,Ventriloquate,UTILITY,SINGLE_CHARACTER,SAME_ROOM,NONE,,SITTING,false,false,,
42,SPELL,word of recall,Word Of Recall,UTILITY,SELF,SAME_ROOM,NONE,,STANDING,true,false,,
43,SPELL,remove poison,Remove Poison,UTILITY,SINGLE_CHARACTER,SAME_ROOM,NONE,,SITTING,true,false,,
44,SPELL,sense life,Sense Life,BUFF,SELF,SAME_ROOM,NONE,,SITTING,false,false,,
45,SPELL,animate dead,Animate Dead,SUMMON,NONE,SAME_ROOM,NONE,,STANDING,false,false,,
46,SPELL,dispel good,Dispel Good,DAMAGE,SINGLE_ENEMY,SAME_ROOM,ALIGN,,STANDING,true,true,,
47,SPELL,group armor,Group Armor,UTILITY,AREA_ROOM,SAME_ROOM,NONE,,STANDING,false,false,,
48,SPELL,group heal,Group Heal,UTILITY,AREA_ROOM,SAME_ROOM,NONE,,STANDING,true,false,,
49,SPELL,group recall,Group Recall,UTILITY,AREA_ROOM,SAME_ROOM,ALIGN,,STANDING,true,false,,
50,SPELL,infravision,Infravision,BUFF,SINGLE_CHARACTER,SAME_ROOM,NONE,,SITTING,false,false,,
51,SPELL,waterwalk,Waterwalk,BUFF,SINGLE_CHARACTER,SAME_ROOM,NONE,,STANDING,false,false,,
52,SPELL,stone skin,Stone Skin,BUFF,SINGLE_CHARACTER,SAME_ROOM,NONE,,STANDING,true,false,,
53,SPELL,full heal,Full Heal,UTILITY,SINGLE_CHARACTER,SAME_ROOM,NONE,,STANDING,true,false,,
54,SPELL,full harm,Full Harm,DAMAGE,SINGLE_ENEMY,TOUCH,NONE,"dam += (pow(skill, 2) * 1) / 50",STANDING,true,true,,
55,SPELL,wall of fog,Wall Of Fog,UTILITY,SELF,SAME_ROOM,NONE,,STANDING,false,false,,
56,SPELL,wall of stone,Wall Of Stone,UTILITY,NONE,SAME_ROOM,NONE,,STANDING,false,false,,
57,SPELL,fly,Fly,BUFF,SINGLE_CHARACTER,SAME_ROOM,NONE,,STANDING,false,false,,
59,SPELL,summon elemental,Summon Elemental,SUMMON,AREA_ROOM,SAME_ROOM,NONE,,STANDING,false,false,,
60,SPELL,summon demon,Summon Demon,SUMMON,AREA_ROOM,SAME_ROOM,NONE,,STANDING,false,false,,
61,SPELL,summon greater demon,Summon Greater Demon,SUMMON,AREA_ROOM,SAME_ROOM,NONE,,STANDING,false,false,,
62,SPELL,dimension door,Dimension Door,UTILITY,SINGLE_CHARACTER,ANYWHERE,NONE,,STANDING,false,false,,
63,SPELL,creeping doom,Creeping Doom,UTILITY,AREA_ROOM,SAME_ROOM,ACID,,STANDING,true,true,,
64,SPELL,doom,Doom,DAMAGE,AREA_ROOM,SAME_ROOM,ACID,,STANDING,true,true,,
65,SPELL,meteorswarm,Meteorswarm,DAMAGE,AREA_ROOM,SAME_ROOM,FIRE,,STANDING,true,true,,
66,SPELL,bigbys clenched fist,Bigbys Clenched Fist,DAMAGE,SINGLE_ENEMY,SAME_ROOM,PHYSICAL_BLUNT,"sorcerer_single_target(ch, spellnum, skill)",STANDING,true,true,,
67,SPELL,farsee,Farsee,BUFF,SINGLE_CHARACTER,SAME_ROOM,NONE,,SITTING,false,false,,
68,SPELL,haste,Haste,BUFF,SINGLE_CHARACTER,SAME_ROOM,NONE,,STANDING,true,false,,
70,SPELL,greater endurance,Greater Endurance,BUFF,SINGLE_CHARACTER,SAME_ROOM,NONE,,STANDING,false,false,,
71,SPELL,moonwell,Moonwell,UTILITY,SINGLE_CHARACTER,ANYWHERE,NONE,,STANDING,false,false,,
73,SPELL,darkness,Darkness,UTILITY,SINGLE_CHARACTER,SAME_ROOM,NONE,,SITTING,false,false,,
74,SPELL,illumination,Illumination,UTILITY,SINGLE_CHARACTER,SAME_ROOM,NONE,,SITTING,false,false,,
76,SPELL,cone of cold,Cone Of Cold,DAMAGE,SINGLE_ENEMY,SAME_ROOM,COLD,"sorcerer_single_target(ch, spellnum, skill)",STANDING,true,true,,
77,SPELL,ice storm,Ice Storm,DAMAGE,AREA_ROOM,SAME_ROOM,COLD,,STANDING,true,true,,
78,SPELL,ice shards,Ice Shards,DAMAGE,AREA_ROOM,SAME_ROOM,COLD,,STANDING,true,true,,
79,SPELL,major paralysis,Major Paralysis,UTILITY,SINGLE_CHARACTER,SAME_ROOM,MENTAL,,STANDING,false,true,,
80,SPELL,vampiric breath,Vampiric Breath,DAMAGE,SINGLE_ENEMY,SAME_ROOM,NONE,,STANDING,true,true,,
82,SPELL,incendiary nebula,Incendiary Nebula,DAMAGE,AREA_ROOM,SAME_ROOM,FIRE,,STANDING,true,true,,
83,SPELL,minor paralysis,Minor Paralysis,BUFF,SINGLE_ENEMY,SAME_ROOM,MENTAL,,STANDING,true,false,,
84,SPELL,cause light,Cause Light,DAMAGE,SINGLE_ENEMY,TOUCH,NONE,"dam += (pow(skill, 2) * 2) / 625",STANDING,true,true,,
85,SPELL,cause serious,Cause Serious,DAMAGE,SINGLE_ENEMY,TOUCH,NONE,"dam += (pow(skill, 2) * 9) / 2000",STANDING,true,true,,
86,SPELL,cause critical,Cause Critical,DAMAGE,SINGLE_ENEMY,TOUCH,NONE,"dam += (pow(skill, 2) * 53) / 10000",STANDING,true,true,,
87,SPELL,preserve,Preserve,UTILITY,NONE,SAME_ROOM,NONE,,SITTING,false,false,,
88,SPELL,cure serious,Cure Serious,UTILITY,SINGLE_CHARACTER,SAME_ROOM,NONE,,STANDING,true,false,,
89,SPELL,vigorize light,Vigorize Light,UTILITY,SINGLE_CHARACTER,SAME_ROOM,NONE,,STANDING,false,false,,
90,SPELL,vigorize serious,Vigorize Serious,UTILITY,SINGLE_CHARACTER,SAME_ROOM,NONE,,STANDING,false,false,,
91,SPELL,vigorize critic,Vigorize Critic,UTILITY,SINGLE_CHARACTER,SAME_ROOM,NONE,,STANDING,false,false,,
92,SPELL,soulshield,Soulshield,BUFF,SELF,SAME_ROOM,NONE,,STANDING,false,false,,
93,SPELL,destroy undead,Destroy Undead,DAMAGE,SINGLE_ENEMY,SAME_ROOM,ALIGN,,STANDING,true,true,,
94,SPELL,silence,Silence,BUFF,SINGLE_ENEMY,SAME_ROOM,NONE,,STANDING,true,true,,
95,SPELL,flamestrike,Flamestrike,DAMAGE,SINGLE_ENEMY,SAME_ROOM,FIRE,,STANDING,true,true,,
96,SPELL,unholy word,Unholy Word,DAMAGE,AREA_ROOM,SAME_ROOM,ALIGN,,STANDING,true,true,,
97,SPELL,holy word,Holy Word,DAMAGE,AREA_ROOM,SAME_ROOM,ALIGN,,STANDING,true,true,,
98,SPELL,plane shift,Plane Shift,UTILITY,SELF,SAME_ROOM,NONE,,STANDING,false,false,,
99,SPELL,dispel magic,Dispel Magic,UTILITY,SINGLE_ENEMY,SAME_ROOM,NONE,,SITTING,true,true,,
100,SPELL,minor creation,Minor Creation,UTILITY,NONE,SAME_ROOM,NONE,,SITTING,false,false,,
101,SPELL,concealment,Concealment,UTILITY,SINGLE_CHARACTER,SAME_ROOM,NONE,,SITTING,false,false,,
102,SPELL,ray of enfeeblement,Ray Of Enfeeblement,BUFF,SINGLE_ENEMY,SAME_ROOM,NONE,,STANDING,true,true,,
103,SPELL,feather fall,Feather Fall,BUFF,SINGLE_CHARACTER,SAME_ROOM,NONE,,STANDING,false,false,,
104,SPELL,wizard eye,Wizard Eye,UTILITY,SINGLE_CHARACTER,ANYWHERE,NONE,,STANDING,false,false,,
105,SPELL,fireshield,Fireshield,BUFF,SELF,SAME_ROOM,FIRE,,STANDING,false,false,,
106,SPELL,coldshield,Coldshield,BUFF,SELF,SAME_ROOM,COLD,,STANDING,false,false,,
107,SPELL,minor globe,Minor Globe,BUFF,SINGLE_CHARACTER,SAME_ROOM,NONE,,STANDING,false,false,,
108,SPELL,major globe,Major Globe,BUFF,SINGLE_CHARACTER,SAME_ROOM,NONE,,STANDING,false,false,,
109,SPELL,disintegrate,Disintegrate,DAMAGE,SINGLE_ENEMY,SAME_ROOM,ACID,"sorcerer_single_target(ch, spellnum, skill)",STANDING,true,true,,
110,SPELL,harness,Harness,BUFF,SELF,SAME_ROOM,NONE,,STANDING,true,false,,
111,SPELL,chain lightning,Chain Lightning,DAMAGE,AREA_ROOM,SAME_ROOM,SHOCK,"dam += (pow(skill, 2) * 7) / 500",STANDING,true,true,,
112,SPELL,mass invisibility,Mass Invisibility,UTILITY,AREA_ROOM,SAME_ROOM,NONE,,STANDING,false,false,,
114,SPELL,fear,Fear,UTILITY,SINGLE_ENEMY,SAME_ROOM,MENTAL,,STANDING,true,true,,
115,SPELL,circle of light,Circle Of Light,BUFF,SELF,SAME_ROOM,NONE,,SITTING,false,false,,
116,SPELL,divine bolt,Divine Bolt,DAMAGE,SINGLE_ENEMY,SAME_ROOM,ALIGN,,STANDING,true,true,,
117,SPELL,prayer,Prayer,BUFF,SELF,SAME_ROOM,NONE,,SITTING,false,false,,
118,SPELL,elemental warding,Elemental Warding,BUFF,SINGLE_CHARACTER,SAME_ROOM,NONE,,STANDING,false,false,,
119,SPELL,divine ray,Divine Ray,DAMAGE,SINGLE_ENEMY,SAME_ROOM,ALIGN,,STANDING,true,true,,
120,SPELL,lesser exorcism,Lesser Exorcism,DAMAGE,SINGLE_ENEMY,SAME_ROOM,ALIGN,,STANDING,true,true,,
121,SPELL,decay,Decay,DAMAGE,SINGLE_ENEMY,SAME_ROOM,NONE,"sorcerer_single_target(ch, spellnum, skill)",STANDING,true,true,,
122,SPELL,speak in tongues,Speak In Tongues,BUFF,SELF,SAME_ROOM,NONE,,SITTING,false,false,,
123,SPELL,enlightenment,Enlightenment,UTILITY,SINGLE_CHARACTER,SAME_ROOM,NONE,,SITTING,false,false,,
124,SPELL,exorcism,Exorcism,DAMAGE,SINGLE_ENEMY,SAME_ROOM,ALIGN,,STANDING,true,true,,
125,SPELL,spinechiller,Spinechiller,BUFF,SINGLE_ENEMY,TOUCH,NONE,,STANDING,true,true,,
126,SPELL,wings of heaven,Wings Of Heaven,BUFF,SELF,SAME_ROOM,NONE,,STANDING,false,false,,
127,SPELL,banish,Banish,UTILITY,SINGLE_ENEMY,SAME_ROOM,NONE,,STANDING,true,false,,
128,SPELL,word of command,Word Of Command,UTILITY,SINGLE_CHARACTER,SAME_ROOM,MENTAL,,STANDING,false,false,,
129,SPELL,divine essence,Divine Essence,UTILITY,AREA_ROOM,SAME_ROOM,NONE,,STANDING,false,false,,
130,SPELL,heavens gate,Heavens Gate,UTILITY,SINGLE_CHARACTER,ANYWHERE,NONE,,STANDING,false,false,,
131,SPELL,dark presence,Dark Presence,BUFF,SINGLE_CHARACTER,SAME_ROOM,NONE,,STANDING,false,false,,
132,SPELL,demonskin,Demonskin,BUFF,SINGLE_CHARACTER,SAME_ROOM,NONE,,STANDING,true,false,,
133,SPELL,dark feast,Dark Feast,UTILITY,NONE,TOUCH,NONE,,STANDING,false,false,,
134,SPELL,hell bolt,Hell Bolt,DAMAGE,SINGLE_ENEMY,SAME_ROOM,FIRE,,STANDING,true,true,,
135,SPELL,disease,Disease,BUFF,SINGLE_ENEMY,SAME_ROOM,NONE,,STANDING,true,true,,
136,SPELL,insanity,Insanity,BUFF,SINGLE_ENEMY,SAME_ROOM,MENTAL,,STANDING,true,true,,
137,SPELL,demonic aspect,Demonic Aspect,BUFF,SELF,SAME_ROOM,NONE,,STANDING,true,false,,
138,SPELL,hellfire and brimstone,Hellfire And Brimstone,DAMAGE,AREA_ROOM,SAME_ROOM,FIRE,,STANDING,true,false,,
139,SPELL,stygian eruption,Stygian Eruption,DAMAGE,SINGLE_ENEMY,SAME_ROOM,FIRE,,STANDING,true,true,,
140,SPELL,demonic mutation,Demonic Mutation,BUFF,SELF,SAME_ROOM,NONE,,STANDING,false,false,,
141,SPELL,wings of hell,Wings Of Hell,BUFF,SELF,SAME_ROOM,NONE,,STANDING,false,false,,
142,SPELL,sane mind,Sane Mind,UTILITY,SINGLE_CHARACTER,SAME_ROOM,NONE,,SITTING,false,false,,
143,SPELL,hell gate,Hell Gate,UTILITY,SINGLE_CHARACTER,ANYWHERE,NONE,,STANDING,false,false,,
144,SPELL,barkskin,Barkskin,BUFF,SINGLE_CHARACTER,SAME_ROOM,NONE,,STANDING,true,false,,
145,SPELL,night vision,Night Vision,BUFF,SELF,SAME_ROOM,NONE,,SITTING,true,false,,
146,SPELL,writhing weeds,Writhing Weeds,DAMAGE,SINGLE_ENEMY,SAME_ROOM,ACID,,STANDING,true,true,,
147,SPELL,create spring,Create Spring,UTILITY,AREA_ROOM,SAME_ROOM,NONE,,STANDING,false,false,,
148,SPELL,nourishment,Nourishment,UTILITY,SELF,SAME_ROOM,NONE,,SITTING,false,false,,
149,SPELL,cloak of gaia,Cloak Of Gaia,BUFF,SELF,SAME_ROOM,NONE,,STANDING,false,false,,
150,SPELL,natures embrace,Natures Embrace,BUFF,SELF,SAME_ROOM,NONE,,STANDING,false,false,,
151,SPELL,entangle,Entangle,BUFF,SINGLE_ENEMY,SAME_ROOM,MENTAL,,STANDING,true,false,,
152,SPELL,invigorate,Invigorate,UTILITY,AREA_ROOM,SAME_ROOM,NONE,,STANDING,false,false,,
153,SPELL,wandering woods,Wandering Woods,UTILITY,AREA_ROOM,SAME_ROOM,NONE,,STANDING,false,false,,
154,SPELL,urban renewal,Urban Renewal,UTILITY,AREA_ROOM,SAME_ROOM,NONE,,SITTING,false,false,,
155,SPELL,sunray,Sunray,DAMAGE,SINGLE_ENEMY,SAME_ROOM,FIRE,,STANDING,true,true,,
156,SPELL,armor of gaia,Armor Of Gaia,UTILITY,SELF,SAME_ROOM,NONE,,STANDING,false,false,,
157,SPELL,fire darts,Fire Darts,UTILITY,SINGLE_ENEMY,SAME_ROOM,FIRE,"roll_dice(5, 18)",STANDING,true,true,,
158,SPELL,magic torch,Magic Torch,BUFF,SELF,SAME_ROOM,NONE,,STANDING,true,false,,
159,SPELL,smoke,Smoke,BUFF,SINGLE_ENEMY,SAME_ROOM,NONE,,STANDING,true,true,,
160,SPELL,mirage,Mirage,BUFF,SELF,SAME_ROOM,NONE,,STANDING,true,false,,
161,SPELL,flame blade,Flame Blade,UTILITY,AREA_ROOM,SAME_ROOM,NONE,,STANDING,false,false,,
162,SPELL,positive field,Positive Field,DAMAGE,SINGLE_ENEMY,SAME_ROOM,SHOCK,"sorcerer_single_target(ch, spellnum, skill)",STANDING,true,true,,
163,SPELL,firestorm,Firestorm,DAMAGE,AREA_ROOM,SAME_ROOM,FIRE,,STANDING,true,true,,
164,SPELL,melt,Melt,DAMAGE,SINGLE_ENEMY,SAME_ROOM,FIRE,,STANDING,true,true,,
165,SPELL,circle of fire,Circle Of Fire,UTILITY,AREA_ROOM,SAME_ROOM,FIRE,"(skill / 2) + roll_dice(2, 3)",STANDING,false,true,,
166,SPELL,immolate,Immolate,UTILITY,SINGLE_ENEMY,SAME_ROOM,FIRE,,STANDING,true,true,,
167,SPELL,supernova,Supernova,DAMAGE,AREA_ROOM,SAME_ROOM,FIRE,,STANDING,true,true,,
168,SPELL,cremate,Cremate,DAMAGE,AREA_ROOM,SAME_ROOM,FIRE,,STANDING,true,true,,
169,SPELL,negate heat,Negate Heat,BUFF,SELF,SAME_ROOM,NONE,,STANDING,false,false,,
170,SPELL,acid burst,Acid Burst,DAMAGE,SINGLE_ENEMY,SAME_ROOM,ACID,"sorcerer_single_target(ch, spellnum, skill)",STANDING,true,true,,
171,SPELL,ice darts,Ice Darts,UTILITY,SINGLE_ENEMY,SAME_ROOM,COLD,"roll_dice(4, 21)",STANDING,true,true,,
172,SPELL,ice armor,Ice Armor,BUFF,SELF,SAME_ROOM,NONE,,STANDING,false,false,,
173,SPELL,ice dagger,Ice Dagger,UTILITY,AREA_ROOM,SAME_ROOM,NONE,,STANDING,false,false,,
174,SPELL,freezing wind,Freezing Wind,DAMAGE,AREA_ROOM,SAME_ROOM,COLD,,STANDING,true,true,,
175,SPELL,freeze,Freeze,DAMAGE,SINGLE_ENEMY,SAME_ROOM,COLD,"sorcerer_single_target(ch, spellnum, skill)",STANDING,true,true,,
176,SPELL,wall of ice,Wall Of Ice,UTILITY,NONE,SAME_ROOM,COLD,,STANDING,false,false,,
177,SPELL,iceball,Iceball,DAMAGE,SINGLE_ENEMY,SAME_ROOM,COLD,"sorcerer_single_target(ch, spellnum, skill)",STANDING,true,true,,
178,SPELL,flood,Flood,UTILITY,AREA_ROOM,SAME_ROOM,NONE,,STANDING,true,true,,
179,SPELL,vaporform,Vaporform,BUFF,SELF,SAME_ROOM,NONE,,STANDING,false,false,,
180,SPELL,negate cold,Negate Cold,BUFF,SELF,SAME_ROOM,NONE,,STANDING,false,false,,
181,SPELL,waterform,Waterform,BUFF,SELF,SAME_ROOM,NONE,,STANDING,false,false,,
182,SPELL,extinguish,Extinguish,UTILITY,SINGLE_CHARACTER,SAME_ROOM,NONE,,SITTING,true,false,,
183,SPELL,rain,Rain,UTILITY,AREA_ROOM,SAME_ROOM,NONE,,STANDING,false,false,,
184,SPELL,reduce,Reduce,BUFF,SINGLE_CHARACTER,SAME_ROOM,MENTAL,,STANDING,false,false,,
185,SPELL,enlarge,Enlarge,BUFF,SINGLE_CHARACTER,SAME_ROOM,NONE,,STANDING,false,false,,
186,SPELL,identify,Identify,UTILITY,SINGLE_CHARACTER,TOUCH,NONE,,SITTING,false,false,,
187,SPELL,bone armor,Bone Armor,BUFF,SELF,SAME_ROOM,NONE,,STANDING,false,false,,
188,SPELL,summon corpse,Summon Corpse,UTILITY,NONE,SAME_ROOM,NONE,,STANDING,false,false,,
189,SPELL,shift corpse,Shift Corpse,UTILITY,NONE,SAME_ROOM,NONE,,STANDING,false,false,,
190,SPELL,glory,Glory,BUFF,SELF,SAME_ROOM,NONE,,STANDING,false,false,,
191,SPELL,illusory wall,Illusory Wall,UTILITY,NONE,SAME_ROOM,NONE,,STANDING,false,false,,
192,SPELL,nightmare,Nightmare,DAMAGE,SINGLE_ENEMY,SAME_ROOM,MENTAL,"sorcerer_single_target(ch, spellnum, skill)",STANDING,true,true,,
193,SPELL,discorporate,Discorporate,DAMAGE,SINGLE_ENEMY,SAME_ROOM,NONE,,STANDING,true,true,,
194,SPELL,isolation,Isolation,UTILITY,AREA_ROOM,SAME_ROOM,MENTAL,,STANDING,false,false,,
195,SPELL,familiarity,Familiarity,BUFF,SELF,SAME_ROOM,NONE,,SITTING,false,false,,
196,SPELL,hysteria,Hysteria,UTILITY,AREA_ROOM,SAME_ROOM,MENTAL,,STANDING,true,true,,
197,SPELL,mesmerize,Mesmerize,BUFF,SINGLE_CHARACTER,SAME_ROOM,MENTAL,,STANDING,false,true,,
198,SPELL,severance,Severance,DAMAGE,AREA_ROOM,SAME_ROOM,NONE,,STANDING,true,true,,
199,SPELL,soul reaver,Soul Reaver,DAMAGE,AREA_ROOM,SAME_ROOM,MENTAL,,STANDING,true,true,,
200,SPELL,detonation,Detonation,DAMAGE,SINGLE_ENEMY,SAME_ROOM,PHYSICAL_BLUNT,"sorcerer_single_target(ch, spellnum, skill)",STANDING,true,true,,
201,SPELL,fire breath,Fire Breath,DAMAGE,SINGLE_CHARACTER,SAME_ROOM,FIRE,"skill + random_number(1, skill * 2)",STANDING,true,true,,
202,SPELL,gas breath,Gas Breath,DAMAGE,SINGLE_CHARACTER,SAME_ROOM,POISON,"skill + random_number(1, skill * 2)",STANDING,true,true,,
203,SPELL,frost breath,Frost Breath,DAMAGE,SINGLE_CHARACTER,SAME_ROOM,COLD,"skill + random_number(1, skill * 2)",STANDING,true,true,,
204,SPELL,acid breath,Acid Breath,DAMAGE,SINGLE_CHARACTER,SAME_ROOM,ACID,"skill + random_number(1, skill * 2)",STANDING,true,true,,
205,SPELL,lightning breath,Lightning Breath,DAMAGE,SINGLE_CHARACTER,SAME_ROOM,SHOCK,"skill + random_number(1, skill * 2)",STANDING,true,true,,
206,SPELL,lesser endurance,Lesser Endurance,BUFF,SINGLE_CHARACTER,SAME_ROOM,NONE,,STANDING,false,false,,
207,SPELL,endurance,Endurance,BUFF,SINGLE_CHARACTER,SAME_ROOM,NONE,,STANDING,false,false,,
208,SPELL,vitality,Vitality,BUFF,SINGLE_CHARACTER,SAME_ROOM,NONE,,STANDING,false,false,,
209,SPELL,greater vitality,Greater Vitality,BUFF,SINGLE_CHARACTER,SAME_ROOM,NONE,,STANDING,false,false,,
210,SPELL,dragons health,Dragons Health,HEALING,SINGLE_CHARACTER,SAME_ROOM,NONE,,STANDING,false,false,,
211,SPELL,rebuke undead,Rebuke Undead,BUFF,SINGLE_ENEMY,SAME_ROOM,NONE,,STANDING,true,true,,
212,SPELL,degeneration,Degeneration,UTILITY,SINGLE_ENEMY,SAME_ROOM,NONE,,STANDING,true,false,,
213,SPELL,soul tap,Soul Tap,UTILITY,SINGLE_ENEMY,TOUCH,NONE,,STANDING,true,true,,
214,SPELL,natures guidance,Natures Guidance,BUFF,SELF,SAME_ROOM,NONE,,STANDING,true,false,,
215,SPELL,moonbeam,Moonbeam,UTILITY,AREA_ROOM,SAME_ROOM,NONE,,STANDING,true,true,,
216,SPELL,phantasm,Phantasm,SUMMON,AREA_ROOM,SAME_ROOM,NONE,,STANDING,false,false,,
217,SPELL,simulacrum,Simulacrum,SUMMON,SINGLE_CHARACTER,ANYWHERE,NONE,,STANDING,false,false,,
218,SPELL,misdirection,Misdirection,BUFF,SELF,SAME_ROOM,MENTAL,,STANDING,false,false,,
219,SPELL,confusion,Confusion,BUFF,SINGLE_ENEMY,SAME_ROOM,MENTAL,,STANDING,true,true,,
220,SPELL,phosphoric embers,Phosphoric Embers,UTILITY,SINGLE_ENEMY,SAME_ROOM,FIRE,,STANDING,true,true,,
222,SPELL,pyre,Pyre,UTILITY,AREA_ROOM,SAME_ROOM,FIRE,,STANDING,true,false,,
223,SPELL,iron maiden,Iron Maiden,DAMAGE,SINGLE_ENEMY,SAME_ROOM,PHYSICAL_PIERCE,"sorcerer_single_target(ch, spellnum, skill)",STANDING,true,true,,
224,SPELL,fracture,Fracture,UTILITY,AREA_ROOM,SAME_ROOM,PHYSICAL_SLASH,,STANDING,true,false,,
226,SPELL,bone cage,Bone Cage,BUFF,SINGLE_ENEMY,SAME_ROOM,PHYSICAL_SLASH,,STANDING,true,true,,
228,SPELL,world teleport,World Teleport,TELEPORT,SELF,SAME_ROOM,NONE,,STANDING,true,false,,
234,SPELL,spirit arrows,Spirit Arrows,UTILITY,SINGLE_ENEMY,SAME_ROOM,ALIGN,"roll_dice(4, 21)",STANDING,true,true,,
235,SPELL,protection from good,Protection From Good,BUFF,SINGLE_CHARACTER,SAME_ROOM,NONE,,STANDING,false,false,,
236,SPELL,ancestral vengeance,Ancestral Vengeance,DAMAGE,SINGLE_ENEMY,SAME_ROOM,ALIGN,"sorcerer_single_target(ch, spellnum, skill)",STANDING,true,true,,
237,SPELL,circle of death,Circle Of Death,DAMAGE,AREA_ROOM,SAME_ROOM,MENTAL,"dam += (pow(skill, 2) * 7) / 500",STANDING,true,true,,
238,SPELL,baleful polymorph,Baleful Polymorph,DAMAGE,SINGLE_ENEMY,SAME_ROOM,NONE,"sorcerer_single_target(ch, spellnum, skill)",STANDING,true,true,,
239,SPELL,spirit ray,Spirit Ray,DAMAGE,SINGLE_ENEMY,SAME_ROOM,ALIGN,"sorcerer_single_target(ch, spellnum, skill)",STANDING,true,true,,
240,SPELL,vicious mockery,Vicious Mockery,DAMAGE,SINGLE_ENEMY,SAME_ROOM,MENTAL,"sorcerer_single_target(ch, spellnum, skill)",STANDING,true,true,,
241,SPELL,remove paralysis,Remove Paralysis,UTILITY,SINGLE_CHARACTER,SAME_ROOM,NONE,,STANDING,false,false,,
242,SPELL,cloud of daggers,Cloud Of Daggers,UTILITY,AREA_ROOM,SAME_ROOM,PHYSICAL_SLASH,"dam += (pow(skill, 2) * 7) / 1250",STANDING,true,true,,
243,SPELL,reveal hidden,Reveal Hidden,UTILITY,SELF,SAME_ROOM,NONE,,SITTING,false,false,,
244,SPELL,blinding beauty,Blinding Beauty,DAMAGE,AREA_ROOM,SAME_ROOM,NONE,,STANDING,true,true,,
245,SPELL,acid fog,Acid Fog,UTILITY,AREA_ROOM,SAME_ROOM,ACID,"dam += (pow(skill, 2) * 7) / 1250",STANDING,true,true,,
246,SPELL,web,Web,BUFF,SINGLE_ENEMY,SAME_ROOM,MENTAL,,STANDING,true,false,,
247,SPELL,earth blessing,Earth Blessing,BUFF,SINGLE_CHARACTER,SAME_ROOM,NONE,,SITTING,false,false,,
248,SPELL,protection from fire,Protection From Fire,BUFF,SINGLE_CHARACTER,SAME_ROOM,NONE,,STANDING,false,false,,
249,SPELL,protection from cold,Protection From Cold,BUFF,SINGLE_CHARACTER,SAME_ROOM,NONE,,STANDING,false,false,,
250,SPELL,protection from earth,Protection From Earth,BUFF,SINGLE_CHARACTER,SAME_ROOM,NONE,,STANDING,false,false,,
251,SPELL,protection from air,Protection From Air,BUFF,SINGLE_CHARACTER,SAME_ROOM,NONE,,STANDING,false,false,,
252,SPELL,enhance strength,Enhance Strength,BUFF,SINGLE_CHARACTER,SAME_ROOM,NONE,,STANDING,false,false,,
253,SPELL,enhance dexterity,Enhance Dexterity,BUFF,SINGLE_CHARACTER,SAME_ROOM,NONE,,STANDING,false,false,,
254,SPELL,enhance constitution,Enhance Constitution,BUFF,SINGLE_CHARACTER,SAME_ROOM,NONE,,STANDING,false,false,,
255,SPELL,enhance intelligence,Enhance Intelligence,BUFF,SINGLE_CHARACTER,SAME_ROOM,NONE,,STANDING,false,false,,
256,SPELL,enhance wisdom,Enhance Wisdom,BUFF,SINGLE_CHARACTER,SAME_ROOM,NONE,,STANDING,false,false,,
257,SPELL,enhance charisma,Enhance Charisma,BUFF,SINGLE_CHARACTER,SAME_ROOM,NONE,,STANDING,false,false,,
258,SPELL,fires of st. augustine,Fires Of St. Augustine,BUFF,SELF,SAME_ROOM,NONE,,SITTING,true,false,,
259,SPELL,blizzards of st. augustine,Blizzards Of St. Augustine,BUFF,SELF,SAME_ROOM,NONE,,SITTING,true,false,,
260,SPELL,tremors of st. augustine,Tremors Of St. Augustine,BUFF,SELF,SAME_ROOM,NONE,,SITTING,true,false,,
261,SPELL,tempest of st. augustine,Tempest Of St. Augustine,BUFF,SELF,SAME_ROOM,NONE,,SITTING,true,false,,
263,SPELL,water blast,Water Blast,DAMAGE,SINGLE_ENEMY,SAME_ROOM,NONE,"sorcerer_single_target(ch, spellnum, skill)",STANDING,true,true,,
264,SPELL,displacement,Displacement,BUFF,SELF,SAME_ROOM,MENTAL,,STANDING,true,false,,
265,SPELL,greater displacement,Greater Displacement,BUFF,SELF,SAME_ROOM,MENTAL,,STANDING,true,false,,
266,SPELL,nimble,Nimble,BUFF,SELF,SAME_ROOM,NONE,,STANDING,true,false,,
267,SPELL,clarity,Clarity,BUFF,SINGLE_CHARACTER,SAME_ROOM,NONE,,STANDING,false,false,,
401,SKILL,backstab,Backstab,STEALTH,NONE,TOUCH,NONE,,STANDING,true,true,ASSASSIN:1; BARD:1; ILLUSIONIST:15; MERCENARY:10; ROGUE:1; THIEF:1,act.offensive.cpp::do_backstab
402,SKILL,bash,Bash,COMBAT,NONE,TOUCH,NONE,,STANDING,true,true,ANTI_PALADIN:1; HUNTER:1; MERCENARY:1; PALADIN:1; RANGER:1; WARRIOR:1,act.offensive.cpp::do_bash
403,SKILL,hide,Hide,MOVEMENT,NONE,SAME_ROOM,NONE,,STANDING,true,false,ASSASSIN:1; BARD:10; ILLUSIONIST:20; MERCENARY:20; ROGUE:1; THIEF:1,act.other.cpp::do_hide
404,SKILL,kick,Kick,COMBAT,NONE,TOUCH,NONE,,STANDING,true,true,ANTI_PALADIN:1; ASSASSIN:10; BERSERKER:1; HUNTER:1; MERCENARY:1; MONK:1; PALADIN:1; RANGER:1; WARRIOR:1,act.offensive.cpp::do_kick
405,SKILL,pick lock,Pick Lock,STEALTH,NONE,SAME_ROOM,NONE,,STANDING,true,false,ASSASSIN:5; BARD:10; ROGUE:5; THIEF:1,
406,SKILL,punch,Punch,COMBAT,NONE,TOUCH,NONE,,STANDING,true,true,,
407,SKILL,rescue,Rescue,DEFENSIVE,NONE,SAME_ROOM,NONE,,STANDING,true,false,ANTI_PALADIN:10; BERSERKER:35; HUNTER:1; PALADIN:10; RANGER:35; WARRIOR:15,act.offensive.cpp::do_rescue
408,SKILL,sneak,Sneak,MOVEMENT,NONE,SAME_ROOM,NONE,,STANDING,true,false,ASSASSIN:1; BARD:10; ROGUE:1; THIEF:1,
409,SKILL,steal,Steal,STEALTH,NONE,TOUCH,NONE,,STANDING,true,true,BARD:10; THIEF:10,act.other.cpp::do_steal
410,SKILL,track,Track,MOVEMENT,NONE,SAME_ROOM,NONE,,STANDING,true,false,ASSASSIN:10; BARD:50; HUNTER:36; MERCENARY:30; RANGER:1; ROGUE:30; THIEF:40,
411,SKILL,dual wield,Dual Wield,WEAPON_PROFICIENCY,NONE,SAME_ROOM,NONE,,STANDING,true,false,ANTI_PALADIN:20; ASSASSIN:15; BARD:70; BERSERKER:20; HUNTER:1; MERCENARY:15; MONK:1; PALADIN:20; RANGER:1; ROGUE:15; THIEF:15; WARRIOR:25,act.item.cpp::do_wield
412,SKILL,double attack,Double Attack,UTILITY,NONE,SAME_ROOM,NONE,,STANDING,true,false,ANTI_PALADIN:70; ASSASSIN:70; BARD:50; BERSERKER:85; HUNTER:1; MERCENARY:50; MONK:30; PALADIN:70; RANGER:60; ROGUE:70; THIEF:75; WARRIOR:35,
413,SKILL,berserk,Berserk,DEFENSIVE,NONE,SAME_ROOM,NONE,,STANDING,true,false,BERSERKER:10,act.offensive.cpp::do_berserk
414,SKILL,springleap,Springleap,MOVEMENT,NONE,TOUCH,NONE,,STANDING,true,true,MONK:50,act.offensive.cpp::do_springleap
415,SKILL,mount,Mount,MOVEMENT,NONE,SAME_ROOM,NONE,,STANDING,true,false,,act.movement.cpp::do_mount
416,SKILL,riding,Riding,MOVEMENT,NONE,SAME_ROOM,NONE,,STANDING,true,false,,
417,SKILL,tame,Tame,DEFENSIVE,NONE,SAME_ROOM,NONE,,STANDING,true,false,ANTI_PALADIN:1; DRUID:1; HUNTER:7; PALADIN:1; RANGER:1; SHAMAN:7,act.movement.cpp::do_tame
418,SKILL,throatcut,Throatcut,STEALTH,NONE,TOUCH,NONE,,STANDING,true,true,ASSASSIN:30,act.offensive.cpp::do_throatcut
419,SKILL,doorbash,Doorbash,DEFENSIVE,NONE,SAME_ROOM,NONE,,STANDING,true,false,,act.offensive.cpp::do_bash
420,SKILL,parry,Parry,DEFENSIVE,NONE,SAME_ROOM,NONE,,STANDING,true,false,ANTI_PALADIN:20; ASSASSIN:40; BARD:40; BERSERKER:15; HUNTER:1; MERCENARY:30; MONK:10; PALADIN:20; RANGER:30; ROGUE:40; THIEF:30; WARRIOR:30,
421,SKILL,dodge,Dodge,DEFENSIVE,NONE,SAME_ROOM,NONE,,STANDING,true,false,ANTI_PALADIN:1; ASSASSIN:1; BARD:20; BERSERKER:1; CLERIC:20; DIABOLIST:20; DRUID:20; HUNTER:1; MERCENARY:1; MONK:1; MYSTIC:1; PALADIN:1; PRIEST:20; RANGER:10; ROGUE:1; SHAMAN:1; THIEF:1; WARRIOR:1,
422,SKILL,riposte,Riposte,DEFENSIVE,NONE,SAME_ROOM,NONE,,STANDING,true,false,ANTI_PALADIN:40; BERSERKER:50; HUNTER:1; MERCENARY:60; MONK:20; PALADIN:40; RANGER:40; WARRIOR:40,
423,SKILL,meditate,Meditate,UTILITY,NONE,SAME_ROOM,NONE,,STANDING,true,false,BARD:1; BERSERKER:50,
424,SKILL,quick chant,Quick Chant,UTILITY,NONE,SAME_ROOM,NONE,,STANDING,true,false,,
426,SKILL,circle,Circle,STEALTH,NONE,TOUCH,NONE,,STANDING,true,true,,
427,SKILL,bodyslam,Bodyslam,COMBAT,NONE,TOUCH,NONE,,STANDING,true,true,,act.offensive.cpp::
428,SKILL,bind,Bind,COMBAT,NONE,TOUCH,NONE,,STANDING,true,true,MERCENARY:16,act.other.cpp::do_bind
429,SKILL,shapechange,Shapechange,DEFENSIVE,NONE,SAME_ROOM,NONE,,STANDING,true,false,DRUID:1,act.other.cpp::do_shapechange
430,SKILL,switch,Switch,UTILITY,NONE,TOUCH,NONE,,STANDING,true,true,ANTI_PALADIN:10; BERSERKER:1; HUNTER:1; MERCENARY:40; MONK:40; PALADIN:10; RANGER:10; WARRIOR:10,
431,SKILL,disarm,Disarm,COMBAT,NONE,TOUCH,NONE,,STANDING,true,true,ANTI_PALADIN:50; MERCENARY:20; PALADIN:50; THIEF:40; WARRIOR:20,act.offensive.cpp::do_disarm
434,SKILL,guard,Guard,DEFENSIVE,NONE,SAME_ROOM,NONE,,STANDING,true,false,ANTI_PALADIN:10; BERSERKER:25; HUNTER:1; MERCENARY:10; PALADIN:10; RANGER:50; WARRIOR:25,act.other.cpp::do_guard
435,SKILL,breathe lightning,Breathe Lightning,DEFENSIVE,NONE,SAME_ROOM,NONE,,STANDING,true,false,,act.offensive.cpp::do_breathe
436,SKILL,sweep,Sweep,COMBAT,NONE,TOUCH,NONE,,STANDING,true,true,,act.offensive.cpp::do_sweep
437,SKILL,roar,Roar,DEFENSIVE,NONE,SAME_ROOM,NONE,,STANDING,true,false,,act.offensive.cpp::do_roar
438,SKILL,douse,Douse,DEFENSIVE,NONE,SAME_ROOM,NONE,,STANDING,true,false,,act.other.cpp::do_douse
440,SKILL,instant kill,Instant Kill,COMBAT,NONE,TOUCH,NONE,,STANDING,true,true,ASSASSIN:1,act.offensive.cpp::do_kill
441,SKILL,hitall,Hitall,COMBAT,NONE,TOUCH,NONE,,STANDING,true,true,ANTI_PALADIN:80; PALADIN:80; WARRIOR:50,act.offensive.cpp::do_hit
442,SKILL,hunt,Hunt,UTILITY,NONE,SAME_ROOM,NONE,,STANDING,true,false,HUNTER:41,
443,SKILL,bandage,Bandage,DEFENSIVE,NONE,SAME_ROOM,NONE,,STANDING,true,false,,act.other.cpp::do_bandage
444,SKILL,first aid,First Aid,DEFENSIVE,NONE,SAME_ROOM,NONE,,STANDING,true,false,,act.other.cpp::do_first_aid
445,SKILL,vampiric touch,Vampiric Touch,COMBAT,NONE,TOUCH,NONE,,STANDING,true,true,ANTI_PALADIN:45,act.item.cpp::do_touch
446,SKILL,chant,Chant,UTILITY,NONE,SAME_ROOM,NONE,,STANDING,true,false,BERSERKER:25; MONK:15,
447,SKILL,scribe,Scribe,UTILITY,NONE,SAME_ROOM,NONE,,STANDING,true,false,BARD:1,
448,SKILL,safefall,Safefall,MOVEMENT,NONE,SAME_ROOM,NONE,,STANDING,true,false,MONK:1,
449,SKILL,barehand,Barehand,WEAPON_PROFICIENCY,NONE,TOUCH,NONE,,STANDING,true,true,MONK:1,
450,SKILL,summon mount,Summon Mount,MOVEMENT,NONE,SAME_ROOM,NONE,,STANDING,true,false,ANTI_PALADIN:15; PALADIN:15,act.movement.cpp::do_mount
451,SKILL,spell knowledge,Spell Knowledge,UTILITY,NONE,SAME_ROOM,NONE,,STANDING,true,false,,
452,SKILL,sphere of generic,Sphere Of Generic,UTILITY,NONE,SAME_ROOM,NONE,,STANDING,true,false,,
453,SKILL,sphere of fire,Sphere Of Fire,UTILITY,NONE,SAME_ROOM,NONE,,STANDING,true,false,,spell_parser.cpp::
454,SKILL,sphere of water,Sphere Of Water,UTILITY,NONE,SAME_ROOM,NONE,,STANDING,true,false,,spell_parser.cpp::
455,SKILL,sphere of earth,Sphere Of Earth,UTILITY,NONE,SAME_ROOM,NONE,,STANDING,true,false,,spell_parser.cpp::
456,SKILL,sphere of air,Sphere Of Air,UTILITY,NONE,SAME_ROOM,NONE,,STANDING,true,false,,
457,SKILL,sphere of healing,Sphere Of Healing,UTILITY,NONE,SAME_ROOM,NONE,,STANDING,true,false,,
458,SKILL,sphere of protection,Sphere Of Protection,UTILITY,NONE,SAME_ROOM,NONE,,STANDING,true,false,,
459,SKILL,sphere of enchantment,Sphere Of Enchantment,UTILITY,NONE,SAME_ROOM,NONE,,STANDING,true,false,,
460,SKILL,sphere of summoning,Sphere Of Summoning,UTILITY,NONE,SAME_ROOM,NONE,,STANDING,true,false,,
461,SKILL,sphere of death,Sphere Of Death,UTILITY,NONE,SAME_ROOM,NONE,,STANDING,true,false,,act.item.cpp::do_eat
462,SKILL,sphere of divination,Sphere Of Divination,UTILITY,NONE,SAME_ROOM,NONE,,STANDING,true,false,,
463,SKILL,bludgeoning weapons,Bludgeoning Weapons,WEAPON_PROFICIENCY,NONE,TOUCH,NONE,,STANDING,true,true,ANTI_PALADIN:1; ASSASSIN:1; BARD:1; BERSERKER:1; CLERIC:1; DIABOLIST:1; DRUID:1; HUNTER:1; MERCENARY:1; MONK:1; MYSTIC:1; PALADIN:1; PRIEST:1; RANGER:1; ROGUE:1; SHAMAN:1; THIEF:1; WARRIOR:1,
464,SKILL,piercing weapons,Piercing Weapons,WEAPON_PROFICIENCY,NONE,TOUCH,NONE,,STANDING,true,true,ANTI_PALADIN:1; ASSASSIN:1; BARD:1; BERSERKER:1; DRUID:1; HUNTER:1; MERCENARY:1; PALADIN:1; RANGER:1; ROGUE:1; SHAMAN:1; THIEF:1; WARRIOR:1,
465,SKILL,slashing weapons,Slashing Weapons,WEAPON_PROFICIENCY,NONE,TOUCH,NONE,,STANDING,true,true,ANTI_PALADIN:1; ASSASSIN:1; BARD:1; BERSERKER:1; DRUID:1; HUNTER:1; MERCENARY:1; MYSTIC:1; PALADIN:1; RANGER:1; ROGUE:1; SHAMAN:1; THIEF:1; WARRIOR:1,
466,SKILL,2H bludgeoning weapons,2H Bludgeoning Weapons,WEAPON_PROFICIENCY,NONE,TOUCH,NONE,,STANDING,true,true,ANTI_PALADIN:1; BERSERKER:1; CLERIC:1; DIABOLIST:1; DRUID:1; HUNTER:1; MERCENARY:1; MYSTIC:1; PALADIN:1; PRIEST:1; RANGER:1; SHAMAN:1; WARRIOR:1,
467,SKILL,2H piercing weapons,2H Piercing Weapons,WEAPON_PROFICIENCY,NONE,TOUCH,NONE,,STANDING,true,true,ANTI_PALADIN:1; BERSERKER:1; HUNTER:1; MERCENARY:1; PALADIN:1; RANGER:1; WARRIOR:1,
468,SKILL,2H slashing weapons,2H Slashing Weapons,WEAPON_PROFICIENCY,NONE,TOUCH,NONE,,STANDING,true,true,ANTI_PALADIN:1; BERSERKER:1; HUNTER:1; MERCENARY:1; PALADIN:1; RANGER:1; WARRIOR:1,
469,SKILL,missile weapons,Missile Weapons,WEAPON_PROFICIENCY,NONE,SAME_ROOM,NONE,,STANDING,true,true,,
472,SKILL,eye gouge,Eye Gouge,COMBAT,NONE,TOUCH,NONE,,STANDING,true,true,THIEF:10,act.offensive.cpp::do_eye_gouge
473,SKILL,retreat,Retreat,MOVEMENT,NONE,SAME_ROOM,NONE,,STANDING,true,false,ANTI_PALADIN:60; MERCENARY:40; PALADIN:60; WARRIOR:60,act.offensive.cpp::do_retreat
474,SKILL,group retreat,Group Retreat,MOVEMENT,NONE,SAME_ROOM,NONE,,STANDING,true,false,MERCENARY:80,act.offensive.cpp::do_retreat
475,SKILL,corner,Corner,DEFENSIVE,NONE,SAME_ROOM,NONE,,STANDING,true,false,MONK:80; ROGUE:60,act.offensive.cpp::do_corner
476,SKILL,stealth,Stealth,STEALTH,NONE,SAME_ROOM,NONE,,STANDING,true,false,ROGUE:50; THIEF:50,act.other.cpp::do_steal
477,SKILL,shadow,Shadow,STEALTH,NONE,SAME_ROOM,NONE,,STANDING,true,false,ASSASSIN:40; ROGUE:60,
478,SKILL,conceal,Conceal,STEALTH,NONE,SAME_ROOM,NONE,,STANDING,true,false,ILLUSIONIST:10; ROGUE:25; THIEF:10,act.item.cpp::do_conceal
479,SKILL,peck,Peck,COMBAT,NONE,TOUCH,NONE,,STANDING,true,true,,act.offensive.cpp::do_peck
480,SKILL,claw,Claw,COMBAT,NONE,TOUCH,NONE,,STANDING,true,true,,act.offensive.cpp::do_claw
481,SKILL,electrify,Electrify,COMBAT,NONE,SAME_ROOM,NONE,,STANDING,true,true,,act.offensive.cpp::do_electrify
482,SKILL,tantrum,Tantrum,UTILITY,NONE,TOUCH,NONE,,STANDING,true,true,BERSERKER:45,
483,SKILL,ground shaker,Ground Shaker,UTILITY,NONE,SAME_ROOM,NONE,,STANDING,true,false,BERSERKER:75,
484,SKILL,battle howl,Battle Howl,UTILITY,NONE,SAME_ROOM,NONE,,STANDING,true,false,BERSERKER:30,
485,SKILL,maul,Maul,COMBAT,NONE,TOUCH,NONE,,STANDING,true,true,BERSERKER:65,act.offensive.cpp::
486,SKILL,breathe fire,Breathe Fire,DEFENSIVE,NONE,SAME_ROOM,NONE,,STANDING,true,false,,act.offensive.cpp::do_breathe
487,SKILL,breathe frost,Breathe Frost,DEFENSIVE,NONE,SAME_ROOM,NONE,,STANDING,true,false,,act.offensive.cpp::do_breathe
488,SKILL,breathe acid,Breathe Acid,DEFENSIVE,NONE,SAME_ROOM,NONE,,STANDING,true,false,,act.offensive.cpp::do_breathe
489,SKILL,breathe gas,Breathe Gas,DEFENSIVE,NONE,SAME_ROOM,NONE,,STANDING,true,false,,act.offensive.cpp::do_breathe
490,SKILL,perform,Perform,UTILITY,NONE,SAME_ROOM,NONE,,STANDING,true,false,BARD:1,
491,SKILL,cartwheel,Cartwheel,COMBAT,NONE,TOUCH,NONE,,STANDING,true,true,ROGUE:10,act.offensive.cpp::do_cartwheel
492,SKILL,lure,Lure,DEFENSIVE,NONE,SAME_ROOM,NONE,,STANDING,true,false,ROGUE:15,act.offensive.cpp::do_lure
493,SKILL,sneak attack,Sneak Attack,MOVEMENT,NONE,SAME_ROOM,NONE,,STANDING,true,false,ROGUE:1,
494,SKILL,rend,Rend,COMBAT,NONE,TOUCH,NONE,,STANDING,true,true,THIEF:30,act.offensive.cpp::do_rend
495,SKILL,roundhouse,Roundhouse,COMBAT,NONE,TOUCH,NONE,,STANDING,true,true,MONK:65,act.offensive.cpp::do_roundhouse
551,SONG,inspiration,Inspiration,UTILITY,SINGLE_CHARACTER,SAME_ROOM,NONE,,STANDING,true,false,,
552,SONG,terror,Terror,UTILITY,SINGLE_ENEMY,SAME_ROOM,NONE,,STANDING,true,true,,
553,SONG,enrapture,Enrapture,UTILITY,AREA_ROOM,SAME_ROOM,NONE,,STANDING,false,false,,
554,SONG,hearthsong,Hearthsong,UTILITY,AREA_ROOM,SAME_ROOM,NONE,,STANDING,false,false,,
555,SONG,crown of madness,Crown Of Madness,UTILITY,AREA_ROOM,SAME_ROOM,NONE,,STANDING,true,true,,
556,SONG,song of rest,Song Of Rest,UTILITY,SINGLE_CHARACTER,SAME_ROOM,NONE,,STANDING,false,false,,act.movement.cpp::do_rest
557,SONG,ballad of tears,Ballad Of Tears,UTILITY,AREA_ROOM,SAME_ROOM,NONE,,STANDING,true,true,,
558,SONG,heroic journey,Heroic Journey,UTILITY,SINGLE_CHARACTER,SAME_ROOM,NONE,,STANDING,true,false,,
559,SONG,freedom song,Freedom Song,UTILITY,AREA_ROOM,SAME_ROOM,NONE,,STANDING,true,true,,
560,SONG,joyful noise,Joyful Noise,UTILITY,SINGLE_CHARACTER,SAME_ROOM,NONE,,STANDING,true,false,,
601,CHANT,regeneration,Regeneration,UTILITY,SELF,SAME_ROOM,NONE,,SITTING,false,false,,
602,CHANT,battle hymn,Battle Hymn,UTILITY,SELF,SAME_ROOM,NONE,,STANDING,false,false,,
603,CHANT,war cry,War Cry,UTILITY,AREA_ROOM,SAME_ROOM,NONE,,STANDING,false,false,,
604,CHANT,peace,Peace,UTILITY,AREA_ROOM,SAME_ROOM,NONE,,STANDING,true,false,,act.other.cpp::do_peace
605,CHANT,shadows sorrow song,Shadows Sorrow Song,UTILITY,AREA_ROOM,SAME_ROOM,NONE,,STANDING,true,true,,
606,CHANT,ivory symphony,Ivory Symphony,UTILITY,AREA_ROOM,SAME_ROOM,NONE,,STANDING,true,true,,spell_parser.cpp::
607,CHANT,aria of dissonance,Aria Of Dissonance,UTILITY,SINGLE_ENEMY,SAME_ROOM,NONE,,STANDING,true,true,,
608,CHANT,sonata of malaise,Sonata Of Malaise,UTILITY,AREA_ROOM,SAME_ROOM,NONE,,STANDING,true,true,,
609,CHANT,apocalyptic anthem,Apocalyptic Anthem,UTILITY,AREA_ROOM,SAME_ROOM,NONE,,STANDING,true,true,,spell_parser.cpp::
610,CHANT,seed of destruction,Seed Of Destruction,UTILITY,SINGLE_ENEMY,SAME_ROOM,NONE,,STANDING,true,true,,
611,CHANT,spirit of the wolf,Spirit Of The Wolf,UTILITY,SELF,SAME_ROOM,NONE,,STANDING,true,false,,
612,CHANT,spirit of the bear,Spirit Of The Bear,UTILITY,SELF,SAME_ROOM,NONE,,STANDING,true,false,,
613,CHANT,interminable wrath,Interminable Wrath,UTILITY,SELF,SAME_ROOM,NONE,,STANDING,true,false,,
614,CHANT,hymn of saint augustine,Hymn Of Saint Augustine,UTILITY,SELF,SAME_ROOM,NONE,,SITTING,true,false,,
615,CHANT,fires of saint augustine,Fires Of Saint Augustine,UTILITY,SELF,SAME_ROOM,NONE,,SITTING,true,false,,
616,CHANT,blizzards of saint augustine,Blizzards Of Saint Augustine,UTILITY,SELF,SAME_ROOM,NONE,,SITTING,true,false,,
617,CHANT,tremors of saint augustine,Tremors Of Saint Augustine,UTILITY,SELF,SAME_ROOM,NONE,,SITTING,true,false,,
618,CHANT,tempest of saint augustine,Tempest Of Saint Augustine,UTILITY,SELF,SAME_ROOM,NONE,,SITTING,true,false,,
